// GENERATED by tools/gen_x64_nulls.py - DO NOT EDIT.
// Escaped-null pointer-field offsets (into the DATA hunk body) that are
// absent from the RLLC and must be widened to 8-byte NULL on x64.
// Keyed by DATA-hunk size (unique per shared container). See
// tools/x64nulls.py and memory kknd-mobd-format.
#pragma once
#include <stddef.h>
#include <stdint.h>

static const uint32_t mobd_x64_nulls_wait[] = {
  0x000028, 0x00002c, 0x000030, 0x000034, 0x00003c, 0x000048, 0x034d60, 0x034f34, 0x034f79,
};

static const uint32_t mobd_x64_nulls_supspr[] = {
  0x00000c, 0x0001e0, 0x000219, 0x000225, 0x000231, 0x00023d, 0x00029d, 0x0002c9, 0x0002e5, 0x000301, 0x000325, 0x000331,
  0x00033d, 0x00035d, 0x00038d, 0x0003cd, 0x0003d9, 0x0003e5, 0x0003f1, 0x0003fd, 0x000409, 0x000431, 0x00043d, 0x000449,
  0x000469, 0x00048d, 0x0004b1, 0x0004d5, 0x0004f9, 0x00051d, 0x000541, 0x000555, 0x000561, 0x000571, 0x000581, 0x000d45,
  0x000d61, 0x000d7d, 0x000d99, 0x000db5, 0x000dd1, 0x000ded, 0x000e09, 0x000e25, 0x000e41, 0x000ecd, 0x000ee9, 0x000f05,
  0x000f21, 0x000f3d, 0x000f59, 0x000f75, 0x000f91, 0x000fad, 0x000fc9, 0x000fe5, 0x001001, 0x00101d, 0x001039, 0x001055,
  0x001071, 0x00108d, 0x0010a9, 0x0010c5, 0x0010e1, 0x0010fd, 0x001119, 0x001135, 0x001151, 0x00116d, 0x001189, 0x0011a5,
  0x0011c1, 0x0011dd, 0x0011f9, 0x001215, 0x001231, 0x00124d, 0x001269, 0x001285, 0x0012a1, 0x0012bd, 0x0012d9, 0x0012f5,
  0x001311, 0x00132d, 0x001349, 0x001365, 0x001381, 0x0013b9, 0x0013d5, 0x0013f1, 0x001401, 0x001409, 0x016dae, 0x016dba,
  0x016dc6, 0x016dd2, 0x016dde, 0x016dea, 0x016df6, 0x016e02, 0x016e0e, 0x016e1a, 0x016e26, 0x016e32, 0x016e3e, 0x016e4a,
  0x016e56, 0x016e62, 0x016e6e, 0x016e7a, 0x016e86, 0x016e92, 0x016e9e, 0x016eaa, 0x016eb6, 0x016ec2, 0x016ece, 0x016eda,
  0x016ee6, 0x016ef2, 0x016efe, 0x016f0a, 0x016f16, 0x016f22, 0x016f2e, 0x016f3a, 0x016f46, 0x016f52, 0x016f5e, 0x016f6a,
  0x016f76, 0x016f82, 0x016f8e, 0x016f9a, 0x016fa6, 0x016fb2, 0x016fbe, 0x016fca, 0x016fd6, 0x016fe2, 0x016fee, 0x016ffa,
  0x017006, 0x017012, 0x01701e, 0x01702a, 0x017036, 0x017042, 0x01704e, 0x01705a, 0x017066, 0x017146, 0x017162, 0x01717e,
  0x0171b6, 0x0171d2, 0x0171ee, 0x01725e, 0x01727a, 0x017296, 0x0172b2, 0x0172ce, 0x0172ea, 0x017306, 0x017322, 0x01733e,
  0x01735a, 0x017376, 0x017392, 0x0173ae, 0x0173ca, 0x0173e6, 0x017402, 0x01741e, 0x01743a, 0x017456, 0x017472, 0x01748e,
  0x0174aa, 0x0174c6, 0x0174e2, 0x0174fe, 0x01751a, 0x017536, 0x017552, 0x01756e, 0x01758a, 0x0175a6, 0x0175c2, 0x0175de,
  0x0175fa, 0x017616, 0x017632, 0x01764e, 0x01766a, 0x017686, 0x0176a2, 0x0176be, 0x0176da, 0x0176f6, 0x017712, 0x01772e,
  0x01774a, 0x017766, 0x017782, 0x0177ae, 0x0177b6, 0x0177be, 0x0177c6, 0x0177ce, 0x05b5d7, 0x05b5e3, 0x05b5ef, 0x05b5fb,
  0x05b607, 0x05b613, 0x05b61f, 0x05b62b, 0x05b637, 0x05b643, 0x05b64f, 0x05b65b, 0x05b667, 0x05b673, 0x05b67f, 0x05b68b,
  0x05b697, 0x05b6a3, 0x05b6af, 0x05b6bb, 0x05b6c7, 0x05b6d3, 0x05b6df, 0x05b6eb, 0x05b6f7, 0x05b703, 0x05b70f, 0x05b71b,
  0x05b727, 0x05b733, 0x05b73f, 0x05b74b, 0x05b757, 0x05b763, 0x05b76f, 0x05b77b, 0x05b787, 0x05b793, 0x05b79f, 0x05b7ab,
  0x05b7b7, 0x05b7c3, 0x05b7cf, 0x05b7db, 0x05b7e7, 0x05b7f3, 0x05b7ff, 0x05b80b, 0x05b817, 0x05b823, 0x05b82f, 0x05b83b,
  0x05b847, 0x05b853, 0x05b85f, 0x05b86b, 0x05b877, 0x05b883, 0x05b88f, 0x05b89b, 0x05b8a7, 0x05b8b3, 0x05b8bf, 0x05b8cb,
  0x05b8d7, 0x05b8e3, 0x05b8ef, 0x05b8fb, 0x05b907, 0x05b913, 0x05b91f, 0x05b92b, 0x05b937, 0x05b943, 0x05b94f, 0x05b95b,
  0x05b967, 0x05b973, 0x05b97f, 0x05b98b, 0x05b997, 0x05b9a3, 0x05b9af, 0x05b9bb, 0x05b9c7, 0x05b9d3, 0x05b9df, 0x05b9eb,
  0x05b9f7, 0x05ba03, 0x05ba0f, 0x05ba1b, 0x05ba27, 0x05ba33, 0x05ba3f, 0x05ba4b, 0x05ba57, 0x05ba63, 0x05ba6f, 0x05ba7b,
  0x05ba87, 0x05ba93, 0x05ba9f, 0x05baab, 0x05bab7, 0x05bac3, 0x05bacf, 0x05badb, 0x05bae7, 0x05baf3, 0x05baff, 0x05bb0b,
  0x05bb17, 0x05bb23, 0x05bb2f, 0x05bb3b, 0x05bb47, 0x05bb53, 0x05bb5f, 0x05bb6b, 0x05bb77, 0x05bb83, 0x05bb8f, 0x05bb9b,
  0x05bba7, 0x05bbb3, 0x05bbbf, 0x05bbcb, 0x05bbd7, 0x05bbe3, 0x05bbef, 0x05bbfb, 0x05bc07, 0x05bc13, 0x05bc1f, 0x05bc2b,
  0x05bc37, 0x05bc43, 0x05beaf, 0x05becb, 0x05bee7, 0x05bf03, 0x05bf1f, 0x05bf3b, 0x05bf57, 0x05bf73, 0x05bf8f, 0x05bfab,
  0x05bfc7, 0x05bfe3, 0x05bfff, 0x05c01b, 0x05c037, 0x05c053, 0x05c06f, 0x05c08b, 0x05c0a7, 0x05c0c3, 0x05c0df, 0x05c0fb,
  0x05c117, 0x05c133, 0x05c14f, 0x05c16b, 0x05c187, 0x05c1a3, 0x05c1bf, 0x05c1db, 0x05c1f7, 0x05c213, 0x05c22f, 0x05c24b,
  0x05c267, 0x05c283, 0x05c29f, 0x05c2bb, 0x05c2d7, 0x05c2f3, 0x05c30f, 0x05c32b, 0x05c347, 0x05c363, 0x05c37f, 0x05c39b,
  0x05c3b7, 0x05c3d3, 0x05c3ef, 0x05c40b, 0x05c427, 0x05c443, 0x05c45f, 0x05c47b, 0x05c497, 0x05c4b3, 0x05c4cf, 0x05c4eb,
  0x05c507, 0x05c523, 0x05c53f, 0x05c55b, 0x05c577, 0x05c593, 0x05c5af, 0x05c5cb, 0x05c5e7, 0x05c603, 0x05c61f, 0x05c63b,
  0x05c657, 0x05c673, 0x05c68f, 0x05c6ab, 0x05c6c7, 0x05c6e3, 0x05c6ff, 0x05c71b, 0x05c737, 0x05c753, 0x05c76f, 0x05c78b,
  0x05c7a7, 0x05c7c3, 0x05c7df, 0x05c7fb, 0x05c817, 0x05c833, 0x05c84f, 0x05c86b, 0x05c887, 0x05c8a3, 0x05c8bf, 0x05c8db,
  0x05c8f7, 0x05c913, 0x05c92f, 0x05c94b, 0x05c967, 0x05c983, 0x05c99f, 0x05c9bb, 0x05c9d7, 0x05c9f3, 0x05ca0f, 0x05caef,
  0x05cb0b, 0x05cb27, 0x05cb43, 0x05cb5f, 0x05cb7b, 0x05cb97, 0x05cbb3, 0x05cbcf, 0x05cbeb, 0x05cc07, 0x05cc23, 0x05cc3f,
  0x05cc5b, 0x05cc77, 0x05cc93, 0x05ccaf, 0x05cccb, 0x05cce7, 0x05cd03, 0x05cd1f, 0x05cd3b, 0x05cd4b, 0x05cd53, 0x05cd5b,
  0x05cd63, 0x05cd6b, 0x05cd73, 0x05cd7b, 0x05cd83, 0x05cd8b, 0x07985f, 0x07986b, 0x079877, 0x079883, 0x07988f, 0x07989b,
  0x0798a7, 0x0798b3, 0x0798bf, 0x0798cb, 0x0798d7, 0x0798e3, 0x0798ef, 0x0798fb, 0x079907, 0x079913, 0x07991f, 0x07992b,
  0x079937, 0x079943, 0x07994f, 0x07995b, 0x079967, 0x079973, 0x07997f, 0x07998b, 0x079997, 0x0799a3, 0x0799af, 0x0799bb,
  0x0799c7, 0x0799d3, 0x0799df, 0x0799eb, 0x0799f7, 0x079a03, 0x079a0f, 0x079a1b, 0x079a27, 0x079a33, 0x079a3f, 0x079a4b,
  0x079a57, 0x079a63, 0x079a6f, 0x079a7b, 0x079a87, 0x079a93, 0x079a9f, 0x079aab, 0x079ab7, 0x079e13, 0x07a053, 0x07a05b,
  0x07a063, 0x07a06b, 0x07a073, 0x07a07b, 0x07a083, 0x07a08b, 0x07a093, 0x07a09b, 0x07a0a3, 0x07a0ab, 0x07a0b3, 0x07a0bb,
  0x07a0c3, 0x07a0cb, 0x07a0d3, 0x07a0db, 0x07a0e3, 0x07a0eb, 0x07a0f3, 0x07a0fb, 0x07a103, 0x07a10b, 0x07a113, 0x096eda,
  0x096ee6, 0x096ef2, 0x096efe, 0x096f0a, 0x096f16, 0x096f22, 0x096f2e, 0x096f3a, 0x096f46, 0x096f52, 0x096f5e, 0x096f6a,
  0x096f76, 0x096f82, 0x096f8e, 0x096f9a, 0x096fa6, 0x096fb2, 0x096fbe, 0x096fca, 0x096fd6, 0x096fe2, 0x096fee, 0x096ffa,
  0x097006, 0x097012, 0x09701e, 0x09702a, 0x097036, 0x097042, 0x0970fa, 0x097116, 0x097132, 0x09714e, 0x09716a, 0x097186,
  0x0971a2, 0x0971be, 0x0971da, 0x0971f6, 0x097212, 0x09722e, 0x09724a, 0x097266, 0x097282, 0x09729e, 0x0972ba, 0x0972d6,
  0x0972f2, 0x09730e, 0x09732a, 0x097346, 0x097362, 0x09737e, 0x0973b6, 0x0973d2, 0x0973ee, 0x09740a, 0x09741a, 0x097422,
  0x09742a, 0x0a30c3, 0x0a3133, 0x0a3137, 0x0a314f, 0x0a3153, 0x0a316b, 0x0a316f, 0x0a3187, 0x0a318b, 0x0a31a3, 0x0a31a7,
  0x0a31bf, 0x0a31c3, 0x0a31db, 0x0a31df, 0x0a31f7, 0x0a31fb, 0x0a3213, 0x0a3217, 0x0a322f, 0x0a3233, 0x0a324b, 0x0a324f,
  0x0a3267, 0x0a326b, 0x0a3283, 0x0a3287, 0x0a329f, 0x0a32a3, 0x0a32bb, 0x0a32bf, 0x0a32d7, 0x0a32db, 0x0a32f3, 0x0a32f7,
  0x0a330f, 0x0a3313, 0x0a332b, 0x0a332f, 0x0a3347, 0x0a334b, 0x0a3363, 0x0a3367, 0x0a337f, 0x0a3383, 0x0a339b, 0x0a339f,
  0x0a33b7, 0x0a33bb, 0x0a33d3, 0x0a33d7, 0x0a33ef, 0x0a33f3, 0x0a340b, 0x0a340f, 0x0a3427, 0x0a342b, 0x0a3443, 0x0a3447,
  0x0a345f, 0x0a3463, 0x0a347b, 0x0a347f, 0x0a3497, 0x0a349b, 0x0a34b3, 0x0a34b7, 0x0a34cf, 0x0a34d3, 0x0a34eb, 0x0a34ef,
  0x0a3507, 0x0a350b, 0x0a3523, 0x0a3527, 0x0a353f, 0x0a3543, 0x0a355b, 0x0a355f, 0x0a3577, 0x0a357b, 0x0a3593, 0x0a3597,
  0x0a35af, 0x0a35b3, 0x0a35cb, 0x0a35cf, 0x0a35e7, 0x0a35eb, 0x0a3603, 0x0a3607, 0x0a361f, 0x0a3623, 0x0a363b, 0x0a363f,
  0x0a3657, 0x0a365b, 0x0a3673, 0x0a3677, 0x0a368f, 0x0a3693, 0x0a36ab, 0x0a36af, 0x0a36c7, 0x0a36cb, 0x0a36e3, 0x0a36e7,
  0x0a36ff, 0x0a3703, 0x0a371b, 0x0a371f, 0x0a3737, 0x0a373b, 0x0a3753, 0x0a3757, 0x0a376f, 0x0a3773, 0x0a378b, 0x0a378f,
  0x0a37a7, 0x0a37ab, 0x0a37c3, 0x0a37c7, 0x0a37df, 0x0a37e3, 0x0a37fb, 0x0a37ff, 0x0a3817, 0x0a381b, 0x0a3833, 0x0a3837,
  0x0a384f, 0x0a3853, 0x0a386b, 0x0a386f, 0x0a3887, 0x0a388b, 0x0a38a3, 0x0a38a7, 0x0a38bf, 0x0a38c3, 0x0a38db, 0x0a38df,
  0x0a38f7, 0x0a38fb, 0x0a3913, 0x0a3917, 0x0a392f, 0x0a3933, 0x0a394b, 0x0a394f, 0x0a3967, 0x0a396b, 0x0a3983, 0x0a3987,
  0x0a399f, 0x0a39a3, 0x0a39bb, 0x0a39bf, 0x0a39d7, 0x0a39db, 0x0a39f3, 0x0a39f7, 0x0a3a0f, 0x0a3a13, 0x0a3a2b, 0x0a3a2f,
  0x0a3a47, 0x0a3a4b, 0x0a3a63, 0x0a3a67, 0x0a3a7f, 0x0a3a83, 0x0a3a9b, 0x0a3a9f, 0x0a3ab7, 0x0a3abb, 0x0aa5d3, 0x0aa5e7,
  0x0aa5eb, 0x0aa5ef, 0x0aa603, 0x0aa607, 0x0aa60b, 0x0aa61f, 0x0aa623, 0x0aa627, 0x0aa63b, 0x0aa63f, 0x0aa643, 0x0aa657,
  0x0aa65b, 0x0aa65f, 0x0aa673, 0x0aa677, 0x0aa67b, 0x0aa68f, 0x0aa693, 0x0aa697, 0x0aa6ab, 0x0aa6af, 0x0aa6b3, 0x0aa6c7,
  0x0aa6cb, 0x0aa6cf, 0x0aa6e3, 0x0aa6e7, 0x0aa6eb, 0x0aa6ff, 0x0aa703, 0x0aa707, 0x0aa71b, 0x0aa71f, 0x0aa723, 0x0aa737,
  0x0aa73b, 0x0aa73f, 0x0aa753, 0x0aa757, 0x0aa75b, 0x0aa76f, 0x0aa773, 0x0aa777, 0x0aa78b, 0x0aa78f, 0x0aa793, 0x0aa7a7,
  0x0aa7ab, 0x0aa7af, 0x0aa7c3, 0x0aa7c7, 0x0aa7cb, 0x0aa7df, 0x0aa7e3, 0x0aa7e7, 0x0aa7fb, 0x0aa7ff, 0x0aa803, 0x0aa817,
  0x0aa81b, 0x0aa81f, 0x0aa833, 0x0aa837, 0x0aa83b, 0x0aa84f, 0x0aa853, 0x0aa857, 0x0aa86b, 0x0aa86f, 0x0aa873, 0x0aa887,
  0x0aa88b, 0x0aa88f, 0x0aa8a3, 0x0aa8a7, 0x0aa8ab, 0x0aa8bf, 0x0aa8c3, 0x0aa8c7, 0x0aa8db, 0x0aa8df, 0x0aa8e3, 0x0aa8f7,
  0x0aa8fb, 0x0aa8ff, 0x0aa913, 0x0aa917, 0x0aa91b, 0x0aa92f, 0x0aa933, 0x0aa937, 0x0aa94b, 0x0aa94f, 0x0aa953, 0x0aa967,
  0x0aa96b, 0x0aa96f, 0x0aa983, 0x0aa987, 0x0aa98b, 0x0aa99f, 0x0aa9a3, 0x0aa9a7, 0x0aa9bb, 0x0aa9bf, 0x0aa9c3, 0x0aa9d7,
  0x0aa9db, 0x0aa9df, 0x0aa9f3, 0x0aa9f7, 0x0aa9fb, 0x0aaa0f, 0x0aaa13, 0x0aaa17, 0x0aaa2b, 0x0aaa2f, 0x0aaa33, 0x0aaa47,
  0x0aaa4b, 0x0aaa4f, 0x0aaa63, 0x0aaa67, 0x0aaa6b, 0x0aaa7f, 0x0aaa83, 0x0aaa87, 0x0aaa9b, 0x0aaa9f, 0x0aaaa3, 0x0aaab7,
  0x0aaabb, 0x0aaabf, 0x0aaad3, 0x0aaad7, 0x0aaadb, 0x0aaaef, 0x0aaaf3, 0x0aaaf7, 0x0aab0b, 0x0aab0f, 0x0aab13, 0x0aab27,
  0x0aab2b, 0x0aab2f, 0x0aab43, 0x0aab47, 0x0aab4b, 0x0aab5f, 0x0aab63, 0x0aab67, 0x0aab7b, 0x0aab7f, 0x0aab83, 0x0aab97,
  0x0aab9b, 0x0aab9f, 0x0aabb3, 0x0aabb7, 0x0aabbb, 0x0aabcf, 0x0aabd3, 0x0aabd7, 0x0aabeb, 0x0aabef, 0x0aabf3, 0x0aac07,
  0x0aac0b, 0x0aac0f, 0x0aac23, 0x0aac27, 0x0aac2b, 0x0aac3f, 0x0aac43, 0x0aac47, 0x0aac5b, 0x0aac5f, 0x0aac63, 0x0aac77,
  0x0aac7b, 0x0aac7f, 0x0aac93, 0x0aac97, 0x0aac9b, 0x0aacaf, 0x0aacb3, 0x0aacb7, 0x0aaccb, 0x0aaccf, 0x0aacd3, 0x0aace7,
  0x0aaceb, 0x0aacef, 0x0aad03, 0x0aad07, 0x0aad0b, 0x0aad1f, 0x0aad23, 0x0aad27, 0x0aad3b, 0x0aad3f, 0x0aad43, 0x0aad57,
  0x0aad5b, 0x0aad5f, 0x0aad73, 0x0aad77, 0x0aad7b, 0x0aad8f, 0x0aad93, 0x0aad97, 0x0aadab, 0x0aadaf, 0x0aadb3, 0x0aadc7,
  0x0aadcb, 0x0aadcf, 0x0aade3, 0x0aade7, 0x0aadeb, 0x0aadff, 0x0aae03, 0x0aae07, 0x0aae1b, 0x0aae1f, 0x0aae23, 0x0aae37,
  0x0aae3b, 0x0aae3f, 0x0aae53, 0x0aae57, 0x0aae5b, 0x0aae6f, 0x0aae73, 0x0aae77, 0x0aae8b, 0x0aae8f, 0x0aae93, 0x0aaea7,
  0x0aaeab, 0x0aaeaf, 0x0aaec3, 0x0aaec7, 0x0aaecb, 0x0aaedf, 0x0aaee3, 0x0aaee7, 0x0aaefb, 0x0aaeff, 0x0aaf03, 0x0aaf17,
  0x0aaf1b, 0x0aaf1f, 0x0aaf33, 0x0aaf37, 0x0aaf3b, 0x0aaf4f, 0x0aaf53, 0x0aaf57,
};

static const uint32_t mobd_x64_nulls_sprites[] = {
  0x00000c, 0x000018, 0x000024, 0x000030, 0x00003c, 0x000048, 0x000060, 0x0001b0, 0x0002c0, 0x0002dc, 0x0002f8, 0x000314,
  0x000330, 0x000340, 0x000348, 0x000350, 0x000358, 0x000368, 0x00a9b4, 0x00a9c0, 0x00a9cc, 0x00a9d8, 0x00a9e4, 0x00a9f0,
  0x00a9fc, 0x00aa08, 0x00aa14, 0x00aa20, 0x00aa2c, 0x00aa38, 0x00aa44, 0x00aa50, 0x00aa5c, 0x00aa68, 0x00aa78, 0x00aa88,
  0x00aa98, 0x00aaa8, 0x00aab8, 0x00aac8, 0x00aad8, 0x00aae8, 0x00aaf8, 0x00ab08, 0x00ab18, 0x00ab28, 0x00ab38, 0x00ab48,
  0x00ab58, 0x00ab68, 0x00ab74, 0x00ab80, 0x00ab8c, 0x00ab98, 0x00aba4, 0x00abb0, 0x00abbc, 0x00abc8, 0x00abd4, 0x00abe0,
  0x00abec, 0x00abf8, 0x00ac04, 0x00ac10, 0x00ac1c, 0x00ac28, 0x00acec, 0x00ad6c, 0x00b17c, 0x00b198, 0x00b1b4, 0x00b1d0,
  0x00b1ec, 0x00b208, 0x00b224, 0x00b240, 0x00b25c, 0x00b278, 0x00b294, 0x00b2b0, 0x00b2cc, 0x00b2e8, 0x00b304, 0x00b320,
  0x00b330, 0x00b338, 0x00b340, 0x00b348, 0x00b350, 0x00b358, 0x00b360, 0x00b368, 0x00b370, 0x00b378, 0x00b380, 0x00b388,
  0x00b390, 0x00b398, 0x00b3a0, 0x00b3a8, 0x00b3b0, 0x00b3b8, 0x00b3c0, 0x00b3c8, 0x00b3d0, 0x00b3d8, 0x00b3e0, 0x0115bb,
  0x0115c7, 0x0115d3, 0x0115df, 0x0115eb, 0x0115f7, 0x011603, 0x01160f, 0x01161b, 0x011627, 0x011633, 0x01163f, 0x01164b,
  0x011657, 0x011663, 0x01166f, 0x01167b, 0x011687, 0x011693, 0x01169f, 0x0116ab, 0x0116b7, 0x0116c3, 0x0116cf, 0x0116db,
  0x0116e7, 0x0116f3, 0x0116ff, 0x01170b, 0x011717, 0x011723, 0x01172f, 0x01173b, 0x011747, 0x011753, 0x01175f, 0x01176b,
  0x011777, 0x011783, 0x01178f, 0x01179b, 0x0117a7, 0x0117b3, 0x0117bf, 0x0117cb, 0x0117d7, 0x0117e3, 0x0117ef, 0x011833,
  0x0118b3, 0x011933, 0x011b83, 0x011b9f, 0x011bbb, 0x011bd7, 0x011bf3, 0x011c0f, 0x011c2b, 0x011c47, 0x011c63, 0x011c7f,
  0x011c9b, 0x011cb7, 0x011cd3, 0x011cef, 0x011d0b, 0x011d27, 0x011d43, 0x011d5f, 0x011d7b, 0x011d97, 0x011db3, 0x011dcf,
  0x011deb, 0x011e07, 0x011e23, 0x011e3f, 0x011e5b, 0x011e77, 0x011e93, 0x011eaf, 0x011ecb, 0x011ee7, 0x011ef7, 0x011eff,
  0x011f07, 0x011f0f, 0x011f17, 0x011f1f, 0x011f27, 0x011f2f, 0x011f37, 0x011f3f, 0x011f47, 0x017507, 0x017537, 0x017543,
  0x01754f, 0x01755b, 0x017567, 0x01757f, 0x0176cf, 0x0177c3, 0x0177fb, 0x017817, 0x017833, 0x01784f, 0x01785f, 0x017867,
  0x01786f, 0x017877, 0x02a77e, 0x02a78a, 0x02a796, 0x02a7a2, 0x02a7ae, 0x02a7ba, 0x02a7c6, 0x02a7d2, 0x02a7de, 0x02a7ea,
  0x02a7f6, 0x02a802, 0x02a80e, 0x02a81a, 0x02a826, 0x02a832, 0x02a862, 0x02a892, 0x02a8c2, 0x02a8ea, 0x02a91a, 0x02a94a,
  0x02a97a, 0x02a9aa, 0x02a9da, 0x02aa0a, 0x02aa3a, 0x02aa6a, 0x02aa9a, 0x02aaca, 0x02aafa, 0x02ab2a, 0x02ab5e, 0x02ab92,
  0x02abc6, 0x02abfa, 0x02ac2e, 0x02ac62, 0x02ac96, 0x02acca, 0x02acfe, 0x02ad32, 0x02ad66, 0x02ad9a, 0x02adce, 0x02ae02,
  0x02ae36, 0x02ae6a, 0x02ae82, 0x02ae9a, 0x02aeb2, 0x02aeca, 0x02aee2, 0x02aefa, 0x02af12, 0x02af2a, 0x02af42, 0x02af5a,
  0x02af72, 0x02af8a, 0x02afa2, 0x02afba, 0x02afd2, 0x02afea, 0x02b02e, 0x02ca22, 0x02ca3e, 0x02ca5a, 0x02ca6a, 0x02ca72,
  0x02ca7a, 0x02ca82, 0x02ca8a, 0x02ca92, 0x02ca9a, 0x02caa2, 0x02caaa, 0x02cab2, 0x02caba, 0x02cac2, 0x02caca, 0x02cad2,
  0x02cada, 0x02cae2, 0x02caea, 0x02caf2, 0x02cafa, 0x02cb02, 0x02cb0a, 0x02cb12, 0x02cb1a, 0x02cb22, 0x02cb2a, 0x02cb32,
  0x02cb3a, 0x02cb42, 0x02cb4a, 0x02cb52, 0x02cb5a, 0x02cb62, 0x02cb6a, 0x02cb72, 0x02cb7a, 0x02cb82, 0x02cb8a, 0x02cb92,
  0x02cb9a, 0x02cba2, 0x02cbaa, 0x02cbb2, 0x02cbba, 0x02cbc2, 0x02cbca, 0x02cbd2, 0x02cbda, 0x02cbe2, 0x02cbea, 0x02cbf2,
  0x02cbfa, 0x02cc02, 0x02cc0a, 0x02cc12, 0x02cc1a, 0x02cc22, 0x02cc2a, 0x02cc32, 0x02cc3a, 0x02cc42, 0x02cc4a, 0x02cc52,
  0x02cc5a, 0x02cc62, 0x02cc6a, 0x02cc72, 0x02cc7a, 0x02cc82, 0x02cc8a, 0x02cc92, 0x02cc9a, 0x02cca2, 0x02ccaa, 0x02ccb2,
  0x02ccba, 0x02ccc2, 0x02ccca, 0x02ccd2, 0x02ccda, 0x02cce2, 0x02ccea, 0x02ccf2, 0x02ccfa, 0x02cd02, 0x02cd0a, 0x02cd12,
  0x02cd1a, 0x02cd22, 0x02cd2a, 0x02cd32, 0x02cd3a, 0x02cd42, 0x02cd4a, 0x02cd52, 0x02cd5a, 0x02cd62, 0x02cd6a, 0x02cd72,
  0x02cd7a, 0x02cd82, 0x02cd8a, 0x02cd92, 0x02cd9a, 0x02cda2, 0x02cdaa, 0x02cdb2, 0x02cdba, 0x02cdc2, 0x02cdca, 0x02cdd2,
  0x02cdda, 0x02cde2, 0x02cdea, 0x02cdf2, 0x02cdfa, 0x02ce02, 0x02ce0a, 0x02ce12, 0x02ce1a, 0x02ce22, 0x02ce2a, 0x02ce32,
  0x02ce3a, 0x02ce42, 0x02ce4a, 0x02ce52, 0x02ce5a, 0x02ce62, 0x02ce6a, 0x02ce72, 0x02ce7a, 0x02ce82, 0x02ce8a, 0x02ce92,
  0x02ce9a, 0x02cea2, 0x02ceaa, 0x02ceb2, 0x02ceba, 0x02cec2, 0x02ceca, 0x02ced2, 0x02ceda, 0x02cee2, 0x02ceea, 0x02cef2,
  0x02cefa, 0x02cf02, 0x02cf0a, 0x02cf12, 0x02cf1a, 0x02cf22, 0x02cf2a, 0x02cf32, 0x02cf3a, 0x02cf42, 0x02cf4a, 0x02cf52,
  0x02cf5a, 0x02cf62, 0x02cf6a, 0x062184, 0x062190, 0x06219c, 0x0621a8, 0x0621b4, 0x0621c0, 0x0621cc, 0x0621d8, 0x0621e4,
  0x0621f0, 0x0621fc, 0x062208, 0x062214, 0x062220, 0x06222c, 0x062238, 0x062258, 0x062278, 0x062298, 0x0622b8, 0x0622d8,
  0x0622f8, 0x062318, 0x062338, 0x062358, 0x062378, 0x062398, 0x0623b8, 0x0623d8, 0x0623f8, 0x062418, 0x062438, 0x062450,
  0x062468, 0x062480, 0x062498, 0x0624b0, 0x0624c8, 0x0624e0, 0x0624f8, 0x062510, 0x062528, 0x062540, 0x062558, 0x062570,
  0x062588, 0x0625a0, 0x0625b8, 0x0625c4, 0x0625d0, 0x0625dc, 0x0625e8, 0x0625f4, 0x062600, 0x06260c, 0x062618, 0x062624,
  0x062630, 0x06263c, 0x062648, 0x062654, 0x062660, 0x06266c, 0x062678, 0x0626bc, 0x06317c, 0x063198, 0x0631b4, 0x0631d0,
  0x0631ec, 0x063208, 0x063224, 0x063240, 0x06325c, 0x063278, 0x063294, 0x0632b0, 0x0632cc, 0x0632e8, 0x063304, 0x063320,
  0x063330, 0x063338, 0x063340, 0x063348, 0x063350, 0x063358, 0x063360, 0x063368, 0x063370, 0x063378, 0x063380, 0x063388,
  0x063390, 0x063398, 0x0633a0, 0x0633a8, 0x0633b0, 0x0633b8, 0x0633c0, 0x0633c8, 0x0633d0, 0x0633d8, 0x0633e0, 0x0633e8,
  0x0633f0, 0x0633f8, 0x063400, 0x063408, 0x063410, 0x063418, 0x063420, 0x063428, 0x063430, 0x063438, 0x063440, 0x063448,
  0x063450, 0x063458, 0x063460, 0x063468, 0x063470, 0x063478, 0x063480, 0x063488, 0x063490, 0x063498, 0x0634a0, 0x0634a8,
  0x0634b0, 0x0634b8, 0x0634c0, 0x0634c8, 0x0634d0, 0x0634d8, 0x0634e0, 0x0634e8, 0x0634f0, 0x063bd0, 0x063bd4, 0x063bf4,
  0x063bf8, 0x063c18, 0x063c1c, 0x063c60, 0x063c64, 0x063c84, 0x063c88, 0x067f2a, 0x0680fe, 0x06811a, 0x068136, 0x068152,
  0x06816e, 0x06818a, 0x0681a6, 0x0681c2, 0x0681de, 0x0681fa, 0x068216, 0x068232, 0x06824e, 0x06826a, 0x068286, 0x0682a2,
  0x0682be, 0x0682da, 0x0682f6, 0x068312, 0x06832e, 0x06834a, 0x068366, 0x068382, 0x06839e, 0x0683ba, 0x0683d6, 0x0683f2,
  0x06840e, 0x06842a, 0x068446, 0x068462, 0x06847e, 0x06849a, 0x0684b6, 0x0684d2, 0x0684ee, 0x06850a, 0x068526, 0x068542,
  0x06855e, 0x06857a, 0x068596, 0x0685b2, 0x0685ce, 0x0685ea, 0x06a524, 0x06a530, 0x06a53c, 0x06a548, 0x06a554, 0x06a560,
  0x06a56c, 0x06a578, 0x06a584, 0x06a590, 0x06a59c, 0x06a5a8, 0x06a5b4, 0x06a5c0, 0x06a5cc, 0x06a5d8, 0x06a5e4, 0x06a5f0,
  0x06a5fc, 0x06a608, 0x06a614, 0x06a620, 0x06a62c, 0x06a638, 0x06a644, 0x06a650, 0x06a65c, 0x06a668, 0x06a674, 0x06a680,
  0x06a68c, 0x06a698, 0x06a6a8, 0x06a6b8, 0x06a6c8, 0x06a6d8, 0x06a6e8, 0x06a6f8, 0x06a708, 0x06a718, 0x06a728, 0x06a738,
  0x06a748, 0x06a758, 0x06a768, 0x06a778, 0x06a788, 0x06a798, 0x06aebc, 0x06aec4, 0x06aecc, 0x06aed4, 0x06aedc, 0x06aee4,
  0x06aeec, 0x06aef4, 0x06aefc, 0x06af04, 0x06af0c, 0x06af14, 0x06af1c, 0x06af24, 0x06d9d3, 0x06d9df, 0x06d9eb, 0x06d9f7,
  0x06da03, 0x06da0f, 0x06da27, 0x06db77, 0x06dc17, 0x06dca3, 0x06dcbf, 0x06dcdb, 0x06dcf7, 0x06dd07, 0x06dd0f, 0x06dd17,
  0x06dd1f, 0x06dd27, 0x07996f, 0x07999b, 0x0799a7, 0x0799bf, 0x079c73, 0x079c8f, 0x079c9f, 0x079ca7, 0x079caf, 0x079cb7,
  0x079cbf, 0x079cc7, 0x079ccf, 0x079cd7, 0x088a68, 0x088a74, 0x088a80, 0x088a8c, 0x088a98, 0x088aa4, 0x088ab0, 0x088abc,
  0x088ac8, 0x088ad4, 0x088ae0, 0x088aec, 0x088af8, 0x088b04, 0x088b10, 0x088b1c, 0x088b28, 0x088b34, 0x088b40, 0x088b4c,
  0x088b58, 0x088b64, 0x088b70, 0x088b7c, 0x088b88, 0x088b94, 0x088ba0, 0x088bac, 0x088bb8, 0x088bc4, 0x088bd0, 0x088bdc,
  0x088be8, 0x088bf4, 0x088c00, 0x088c0c, 0x088c18, 0x088c24, 0x088c30, 0x088c3c, 0x088c48, 0x088c54, 0x088c60, 0x088c6c,
  0x088c78, 0x088c84, 0x088c90, 0x088c9c, 0x088ca8, 0x088cb4, 0x088cc0, 0x088ccc, 0x088cd8, 0x088ce4, 0x088cf0, 0x088cfc,
  0x088d08, 0x088d14, 0x088d20, 0x088d2c, 0x088d38, 0x088d44, 0x088d50, 0x088d5c, 0x088d68, 0x088d74, 0x088d80, 0x088d8c,
  0x088d98, 0x088da4, 0x088db0, 0x088dbc, 0x088dc8, 0x088dd4, 0x088de0, 0x088dec, 0x088df8, 0x088e04, 0x088e10, 0x088e1c,
  0x088e28, 0x088e34, 0x088e40, 0x088e4c, 0x088e58, 0x088e64, 0x088e70, 0x088e7c, 0x088e88, 0x088e94, 0x088ea0, 0x088eac,
  0x088eb8, 0x088ec4, 0x088ed0, 0x088edc, 0x088ee8, 0x088ef4, 0x088f00, 0x088f0c, 0x088f18, 0x088f24, 0x088f30, 0x088f3c,
  0x088f48, 0x088f54, 0x088f60, 0x088f6c, 0x088f78, 0x088f84, 0x088f90, 0x088f9c, 0x088fa8, 0x088fb4, 0x088fc0, 0x088fcc,
  0x088fd8, 0x088fe4, 0x088ff0, 0x088ffc, 0x089008, 0x089014, 0x089020, 0x08902c, 0x089038, 0x089044, 0x089050, 0x08905c,
  0x089068, 0x089074, 0x089080, 0x08908c, 0x089098, 0x0890a4, 0x0890b0, 0x0890bc, 0x0890c8, 0x0890d4, 0x0890e0, 0x0890ec,
  0x0890f8, 0x089104, 0x089110, 0x08911c, 0x089128, 0x089134, 0x089140, 0x08914c, 0x089158, 0x089164, 0x089170, 0x08917c,
  0x089188, 0x089194, 0x0891a0, 0x0891ac, 0x0891b8, 0x0891c4, 0x0891d0, 0x0891dc, 0x0891e8, 0x0891f4, 0x089200, 0x08920c,
  0x089218, 0x089224, 0x089230, 0x08923c, 0x089248, 0x089254, 0x089260, 0x08926c, 0x089278, 0x089284, 0x089290, 0x08929c,
  0x0892a8, 0x0892b4, 0x0892c0, 0x0892cc, 0x0892d8, 0x0892e4, 0x0892f0, 0x0892fc, 0x089308, 0x0893a8, 0x0893d0, 0x0894c0,
  0x0894f8, 0x089560, 0x0895f0, 0x089600, 0x08a4c4, 0x08a4e0, 0x08a4fc, 0x08a518, 0x08a534, 0x08a550, 0x08a56c, 0x08a588,
  0x08a5a4, 0x08a5c0, 0x08a5dc, 0x08a5f8, 0x08a614, 0x08a630, 0x08a64c, 0x08a668, 0x08a684, 0x08a6a0, 0x08a6bc, 0x08a6d8,
  0x08a6f4, 0x08a710, 0x08a72c, 0x08a748, 0x08a764, 0x08a780, 0x08a79c, 0x08a7b8, 0x08a7d4, 0x08a7f0, 0x08a80c, 0x08a854,
  0x08a85c, 0x0b26f9, 0x0b2705, 0x0b2711, 0x0b271d, 0x0b2729, 0x0b2735, 0x0b2741, 0x0b274d, 0x0b2759, 0x0b2765, 0x0b2771,
  0x0b277d, 0x0b2789, 0x0b2795, 0x0b27a1, 0x0b27ad, 0x0b27bd, 0x0b27cd, 0x0b27dd, 0x0b27ed, 0x0b27fd, 0x0b280d, 0x0b281d,
  0x0b282d, 0x0b283d, 0x0b284d, 0x0b285d, 0x0b286d, 0x0b287d, 0x0b288d, 0x0b289d, 0x0b28ad, 0x0b28c5, 0x0b28dd, 0x0b28f5,
  0x0b290d, 0x0b2925, 0x0b293d, 0x0b2955, 0x0b296d, 0x0b2985, 0x0b299d, 0x0b29b5, 0x0b29cd, 0x0b29e5, 0x0b29fd, 0x0b2a15,
  0x0b2a2d, 0x0b2a39, 0x0b2a45, 0x0b2a51, 0x0b2a5d, 0x0b2a69, 0x0b2a75, 0x0b2a81, 0x0b2a8d, 0x0b2a99, 0x0b2aa5, 0x0b2ab1,
  0x0b2abd, 0x0b2ac9, 0x0b2ad5, 0x0b2ae1, 0x0b2aed, 0x0b2bb1, 0x0b2c31, 0x0b3041, 0x0b305d, 0x0b3079, 0x0b3095, 0x0b30b1,
  0x0b30cd, 0x0b30e9, 0x0b3105, 0x0b3121, 0x0b313d, 0x0b3159, 0x0b3175, 0x0b3191, 0x0b31ad, 0x0b31c9, 0x0b31e5, 0x0b3201,
  0x0b321d, 0x0b3239, 0x0b3255, 0x0b3271, 0x0b328d, 0x0b32a9, 0x0b32c5, 0x0b32e1, 0x0b32fd, 0x0b3319, 0x0b3335, 0x0b3351,
  0x0b336d, 0x0b3389, 0x0b33a5, 0x0b33c1, 0x0b33dd, 0x0b33f9, 0x0b3415, 0x0b3431, 0x0b344d, 0x0b3469, 0x0b3485, 0x0b34a1,
  0x0b34bd, 0x0b34d9, 0x0b34f5, 0x0b3511, 0x0b352d, 0x0b3549, 0x0b3565, 0x0b3581, 0x0b359d, 0x0b35b9, 0x0b35d5, 0x0b35f1,
  0x0b360d, 0x0b3629, 0x0b3645, 0x0b3661, 0x0b367d, 0x0b3699, 0x0b36b5, 0x0b36d1, 0x0b36ed, 0x0b3709, 0x0b3725, 0x0b3735,
  0x0b373d, 0x0b3745, 0x0b374d, 0x0b3755, 0x0b375d, 0x0b3765, 0x0b376d, 0x0b3775, 0x0b377d, 0x0b3785, 0x0b378d, 0x0b3795,
  0x0cdb55, 0x0cdb61, 0x0cdb6d, 0x0cdb79, 0x0cdb85, 0x0cdb91, 0x0cdb9d, 0x0cdba9, 0x0cdbb5, 0x0cdbc1, 0x0cdbcd, 0x0cdbd9,
  0x0cdbe5, 0x0cdbf1, 0x0cdbfd, 0x0cdc09, 0x0cdc15, 0x0cdc21, 0x0cdc2d, 0x0cdc39, 0x0cdc45, 0x0cdc59, 0x0cdc6d, 0x0cdc81,
  0x0cdc95, 0x0cdca9, 0x0cdcbd, 0x0cdcd1, 0x0cdce5, 0x0cdcf9, 0x0cdd0d, 0x0cdd21, 0x0cdd35, 0x0cdd49, 0x0cdd5d, 0x0cdd71,
  0x0cdd85, 0x0cde49, 0x0cded5, 0x0cdf75, 0x0cdfe5, 0x0ce001, 0x0ce01d, 0x0ce039, 0x0ce055, 0x0ce071, 0x0ce08d, 0x0ce0a9,
  0x0ce0c5, 0x0ce0e1, 0x0ce0fd, 0x0ce119, 0x0ce135, 0x0ce151, 0x0ce16d, 0x0ce189, 0x0ce1a5, 0x0ce1c1, 0x0ce1dd, 0x0ce1f9,
  0x0ce215, 0x0ce231, 0x0ce24d, 0x0ce269, 0x0ce285, 0x0ce2a1, 0x0ce2bd, 0x0ce2d9, 0x0ce2f5, 0x0ce311, 0x0ce32d, 0x0ce349,
  0x0ce365, 0x0ce381, 0x0ce39d, 0x0ce3b9, 0x0ce3d5, 0x0ce3f1, 0x0ce40d, 0x0ce429, 0x0ce445, 0x0ce461, 0x0ce47d, 0x0ce499,
  0x0ce4b5, 0x0ce4d1, 0x0ce4ed, 0x0ce509, 0x0ce519, 0x0ce521, 0x0ce529, 0x0ce531, 0x0ce619, 0x0ce61d, 0x0ce64d, 0x0ce651,
  0x0d3ed9, 0x0d4001, 0x0d400d, 0x0d4019, 0x0d4025, 0x0d4031, 0x0d403d, 0x0d4135, 0x0d4285, 0x0d4405, 0x0d4421, 0x0d443d,
  0x0d4459, 0x0d4491, 0x0d44bd, 0x0d44c5, 0x0d44cd, 0x0d44d5, 0x0d44dd, 0x0d44e5, 0x0d44ed, 0x0d44f5, 0x0d44fd, 0x0d450d,
  0x0d4515, 0x0e796e, 0x0e797a, 0x0e7986, 0x0e7992, 0x0e799e, 0x0e79aa, 0x0e79b6, 0x0e79c2, 0x0e79ce, 0x0e79da, 0x0e79e6,
  0x0e79f2, 0x0e79fe, 0x0e7a0a, 0x0e7a16, 0x0e7a22, 0x0e7a32, 0x0e7a42, 0x0e7a52, 0x0e7a62, 0x0e7a72, 0x0e7a82, 0x0e7a92,
  0x0e7aa2, 0x0e7ab2, 0x0e7ac2, 0x0e7ad2, 0x0e7ae2, 0x0e7af2, 0x0e7b02, 0x0e7b12, 0x0e7b22, 0x0e7c66, 0x0e806a, 0x0e8072,
  0x0e807a, 0x0e8082, 0x101bfb, 0x101c07, 0x101c2b, 0x101c37, 0x101c43, 0x101c4f, 0x101c63, 0x101c7f, 0x101c9b, 0x101cb7,
  0x101cd3, 0x101cef, 0x101d0b, 0x101d27, 0x101d43, 0x101d5f, 0x101d7b, 0x101d97, 0x11f367, 0x11f373, 0x11f37f, 0x11f38b,
  0x11f397, 0x11f3a3, 0x11f3af, 0x11f3bb, 0x11f3c7, 0x11f3d3, 0x11f3df, 0x11f3eb, 0x11f3f7, 0x11f403, 0x11f40f, 0x11f41b,
  0x11f447, 0x11f473, 0x11f49f, 0x11f4cb, 0x11f4f7, 0x11f523, 0x11f54f, 0x11f57b, 0x11f5a7, 0x11f5d3, 0x11f5ff, 0x11f62b,
  0x11f657, 0x11f683, 0x11f6af, 0x11f6db, 0x11f6e7, 0x11f6f3, 0x11f6ff, 0x11f70b, 0x11f717, 0x11f723, 0x11f72f, 0x11f73b,
  0x11f747, 0x11f753, 0x11f75f, 0x11f76b, 0x11f777, 0x11f783, 0x11f78f, 0x11f79b, 0x11f7ab, 0x11f7bb, 0x11f7cb, 0x11f7db,
  0x11f7eb, 0x11f7fb, 0x11f80b, 0x11f81b, 0x11f82b, 0x11f83b, 0x11f84b, 0x11f85b, 0x11f86b, 0x11f87b, 0x11f88b, 0x11f89b,
  0x11f8df, 0x11f95f, 0x11f9df, 0x120a2f, 0x120a4b, 0x120a67, 0x120a83, 0x120a9f, 0x120abb, 0x120ad7, 0x120af3, 0x120b0f,
  0x120b2b, 0x120b47, 0x120b63, 0x120b7f, 0x120b9b, 0x120bb7, 0x120bd3, 0x120bef, 0x120c0b, 0x120c27, 0x120c43, 0x120c5f,
  0x120c7b, 0x120c97, 0x120cb3, 0x120ccf, 0x120ceb, 0x120d07, 0x120d23, 0x120d3f, 0x120d5b, 0x120d77, 0x120d93, 0x120daf,
  0x120dcb, 0x120de7, 0x120e03, 0x120e1f, 0x120e3b, 0x120e57, 0x120e73, 0x120e8f, 0x120eab, 0x120ec7, 0x120ee3, 0x120eff,
  0x120f1b, 0x120f37, 0x120f53, 0x120f63, 0x120f6b, 0x120f73, 0x120f7b, 0x120f83, 0x120f8b, 0x120f93, 0x120f9b, 0x120fa3,
  0x120fab, 0x120fb3, 0x120fbb, 0x120fc3, 0x120fcb, 0x120fd3, 0x120fdb, 0x120fe3, 0x120feb, 0x120ff3, 0x120ffb, 0x121003,
  0x12100b, 0x121013, 0x12101b, 0x121023, 0x12102b, 0x121033, 0x12103b, 0x121043, 0x12104b, 0x121053, 0x12105b, 0x121063,
  0x12106b, 0x121073, 0x12107b, 0x121083, 0x12108b, 0x121093, 0x12109b, 0x1210a3, 0x1210ab, 0x1210b3, 0x1210bb, 0x1210c3,
  0x1210cb, 0x1210d3, 0x1210db, 0x1210e3, 0x1210eb, 0x1210f3, 0x1210fb, 0x121103, 0x12110b, 0x121113, 0x12111b, 0x121123,
  0x12112b, 0x121133, 0x12113b, 0x121143, 0x12114b, 0x121153, 0x12115b, 0x121163, 0x12116b, 0x121173, 0x12117b, 0x121183,
  0x12118b, 0x121193, 0x12119b, 0x1211a3, 0x1211ab, 0x1211b3, 0x1211bb, 0x1211c3, 0x1211cb, 0x1211d3, 0x1211db, 0x1211e3,
  0x1211eb, 0x1211f3, 0x1211fb, 0x121203, 0x12120b, 0x121213, 0x12121b, 0x121223, 0x12122b, 0x121233, 0x12123b, 0x121243,
  0x12124b, 0x121253, 0x12125b, 0x121263, 0x12126b, 0x121273, 0x12127b, 0x121283, 0x12128b, 0x121293, 0x12129b, 0x1212a3,
  0x1212ab, 0x1212b3, 0x1212bb, 0x1212c3, 0x1212cb, 0x1212d3, 0x1212db, 0x1212e3, 0x1212eb, 0x1212f3, 0x1212fb, 0x121303,
  0x12130b, 0x121313, 0x12131b, 0x121323, 0x12132b, 0x121333, 0x12133b, 0x121343, 0x12134b, 0x121353, 0x12135b, 0x121363,
  0x12136b, 0x121373, 0x12137b, 0x121383, 0x12138b, 0x121393, 0x12139b, 0x1213a3, 0x1213ab, 0x1213b3, 0x1213bb, 0x1213c3,
  0x1213cb, 0x1213d3, 0x1213db, 0x17a0cf, 0x17a0db, 0x17a0e7, 0x17a0f3, 0x17a153, 0x17a17f, 0x17a19b, 0x17a1b7, 0x17a1db,
  0x17a1e7, 0x17a1f3, 0x17a213, 0x17a243, 0x17a283, 0x17a28f, 0x17a29b, 0x17a2a7, 0x17a2b3, 0x17a2bf, 0x17a2e7, 0x17a2f3,
  0x17a2ff, 0x17a31f, 0x17a343, 0x17a367, 0x17a38b, 0x17a3af, 0x17a3d3, 0x17a3f7, 0x17a40b, 0x17a417, 0x17a427, 0x17a437,
  0x17abfb, 0x17ac17, 0x17ac33, 0x17ac4f, 0x17ac6b, 0x17ac87, 0x17aca3, 0x17acbf, 0x17acdb, 0x17acf7, 0x17ad83, 0x17ad9f,
  0x17adbb, 0x17add7, 0x17adf3, 0x17ae0f, 0x17ae2b, 0x17ae47, 0x17ae63, 0x17ae7f, 0x17ae9b, 0x17aeb7, 0x17aed3, 0x17aeef,
  0x17af0b, 0x17af27, 0x17af43, 0x17af5f, 0x17af7b, 0x17af97, 0x17afb3, 0x17afcf, 0x17afeb, 0x17b007, 0x17b023, 0x17b03f,
  0x17b05b, 0x17b077, 0x17b093, 0x17b0af, 0x17b0cb, 0x17b0e7, 0x17b103, 0x17b11f, 0x17b13b, 0x17b157, 0x17b173, 0x17b18f,
  0x17b1ab, 0x17b1c7, 0x17b1e3, 0x17b1ff, 0x17b21b, 0x17b237, 0x17b26f, 0x17b28b, 0x17b2a7, 0x17b2b7, 0x17b2bf, 0x190c64,
  0x190c70, 0x190e70, 0x195854, 0x195860, 0x19586c, 0x195878, 0x195884, 0x195890, 0x19589c, 0x1958a8, 0x1958b4, 0x1958c0,
  0x1958cc, 0x1958d8, 0x1958e4, 0x1958f0, 0x1958fc, 0x195908, 0x19592c, 0x195950, 0x195974, 0x195998, 0x1959bc, 0x1959e0,
  0x195a04, 0x195a28, 0x195a4c, 0x195a70, 0x195a94, 0x195ab8, 0x195adc, 0x195b00, 0x195b24, 0x195b48, 0x195b64, 0x195b80,
  0x195b9c, 0x195bb8, 0x195bd4, 0x195bf0, 0x195c0c, 0x195c28, 0x195c44, 0x195c60, 0x195c7c, 0x195c98, 0x195cb4, 0x195cd0,
  0x195cec, 0x195d08, 0x195d70, 0x195db8, 0x1972cc, 0x1972e8, 0x197304, 0x197320, 0x19733c, 0x197358, 0x197374, 0x197390,
  0x1973ac, 0x1973c8, 0x1973e4, 0x197400, 0x197410, 0x197418, 0x197420, 0x197428, 0x197430, 0x197438, 0x197440, 0x197448,
  0x197450, 0x197458, 0x197460, 0x197468, 0x197470, 0x197478, 0x197888, 0x19788c, 0x1978d0, 0x1978d4, 0x1978f4, 0x1978f8,
  0x1a4648, 0x1a481c, 0x1a4855, 0x1a4861, 0x1a486d, 0x1a4879, 0x1a4885, 0x1a4891, 0x1a489d, 0x1a48a9, 0x1a48b5, 0x1a48c1,
  0x1a48cd, 0x1a48d9, 0x1a48e5, 0x1a48f1, 0x1a48fd, 0x1a4909, 0x1a4929, 0x1a4949, 0x1a4969, 0x1a4989, 0x1a49a9, 0x1a49c9,
  0x1a49e9, 0x1a4a09, 0x1a4a29, 0x1a4a49, 0x1a4a69, 0x1a4a89, 0x1a4aa9, 0x1a4ac9, 0x1a4ae9, 0x1a4b09, 0x1a4b21, 0x1a4b39,
  0x1a4b51, 0x1a4b69, 0x1a4b81, 0x1a4b99, 0x1a4bb1, 0x1a4bc9, 0x1a4be1, 0x1a4bf9, 0x1a4c11, 0x1a4c29, 0x1a4c41, 0x1a4c59,
  0x1a4c71, 0x1a4c89, 0x1a5781, 0x1a5789, 0x1a5791, 0x1a5799, 0x1a57a1, 0x1a57a9, 0x1a57b1, 0x1a57b9, 0x1a57c1, 0x1a57c9,
  0x1a57d1, 0x1a57d9, 0x1a57e1, 0x1a57e9, 0x1a57f1, 0x1a57f9, 0x1a5801, 0x1a5809, 0x1a5811, 0x1a5819, 0x1a5821, 0x1a5829,
  0x1a5831, 0x1a5839, 0x1a5841, 0x1a5849, 0x1a5851, 0x1a5859, 0x1a5861, 0x1a5869, 0x1a5871, 0x1a5879, 0x1a5881, 0x1a5889,
  0x1a5891, 0x1a5899, 0x1a58a1, 0x1a58a9, 0x1a58b1, 0x1a58b9, 0x1a58c1, 0x1a58c9, 0x1a58d1, 0x1a58d9, 0x1a58e1, 0x1a58e9,
  0x1a58f1, 0x1a58f9, 0x1a5901, 0x1a5909, 0x1a5ea5, 0x1a5ea9, 0x1a5ec9, 0x1a5ecd, 0x1a5eed, 0x1a5ef1, 0x1a9154, 0x1a919c,
  0x1a91d8, 0x1a9220, 0x1a9258, 0x1a9278, 0x1a9290, 0x1a92a8, 0x1a92c8, 0x1a92fc, 0x1a9344, 0x1a9388, 0x1a93cc, 0x1a93ec,
  0x1a9418, 0x1a9444, 0x1a946c, 0x1a9494, 0x1a94bc, 0x1a94e4, 0x1a950c, 0x1a9534, 0x1a955c, 0x1a9584, 0x1a95ac, 0x1a95d4,
  0x1a95fc, 0x1a9624, 0x1a964c, 0x1a9674, 0x1a969c, 0x1a96c4, 0x1a96d4, 0x1a96e4, 0x1a96f4, 0x1a9704, 0x1a9714, 0x1a9724,
  0x1a9734, 0x1a9744, 0x1a9754, 0x1a9764, 0x1a9774, 0x1a9784, 0x1a9794, 0x1a97a4, 0x1a97b4, 0x1a97c4, 0x1a97d4, 0x1a97e4,
  0x1a97f4, 0x1a9804, 0x1a9814, 0x1a9824, 0x1a9834, 0x1a9844, 0x1a9854, 0x1a9864, 0x1a9874, 0x1a9884, 0x1a9894, 0x1a98a4,
  0x1a98b4, 0x1a98c4, 0x1a98d0, 0x1a98dc, 0x1a98e8, 0x1a98f4, 0x1a9900, 0x1a990c, 0x1a9918, 0x1a9924, 0x1a9930, 0x1a994c,
  0x1a9994, 0x1a9a18, 0x1a9ad8, 0x1a9b68, 0x1a9ba0, 0x1a9bbc, 0x1a9bd8, 0x1a9bf4, 0x1a9c10, 0x1a9c2c, 0x1a9c48, 0x1a9c64,
  0x1a9c80, 0x1a9c9c, 0x1a9cb8, 0x1a9cd4, 0x1a9cf0, 0x1a9d0c, 0x1a9d28, 0x1a9d44, 0x1a9d60, 0x1a9d7c, 0x1a9d98, 0x1a9db4,
  0x1a9dd0, 0x1a9dec, 0x1a9e08, 0x1a9e24, 0x1a9e40, 0x1a9e5c, 0x1a9e78, 0x1a9e94, 0x1a9eb0, 0x1a9ecc, 0x1a9ee8, 0x1a9f20,
  0x1a9f3c, 0x1a9f58, 0x1a9f74, 0x1a9f90, 0x1a9fac, 0x1a9fc8, 0x1a9fe4, 0x1aa000, 0x1aa01c, 0x1aa038, 0x1aa054, 0x1aa070,
  0x1aa0a8, 0x1aa0c4, 0x1aa0e0, 0x1aa0fc, 0x1aa118, 0x1aa134, 0x1aa150, 0x1aa16c, 0x1aa188, 0x1aa1a4, 0x1aa1c0, 0x1aa1f8,
  0x1aa214, 0x1aa230, 0x1aa24c, 0x1aa268, 0x1aa284, 0x1aa2a0, 0x1aa2bc, 0x1aa2d8, 0x1aa2f4, 0x1aa310, 0x1aa32c, 0x1aa348,
  0x1aa364, 0x1aa380, 0x1aa39c, 0x1aa3b8, 0x1aa3d4, 0x1aa3f0, 0x1aa40c, 0x1aa428, 0x1aa444, 0x1aa460, 0x1aa47c, 0x1aa498,
  0x1aa4d0, 0x1aa4ec, 0x1aa524, 0x1aa540, 0x1aa578, 0x1aa5b0, 0x1aa5cc, 0x1aa5e8, 0x1aa604, 0x1aa620, 0x1aa63c, 0x1aa658,
  0x1aa674, 0x1aa690, 0x1aa6ac, 0x1aa6c8, 0x1aa6e4, 0x1aa700, 0x1aa71c, 0x1aa738, 0x1aa754, 0x1aa770, 0x1aa78c, 0x1aa7c4,
  0x1aa7e0, 0x1aa7fc, 0x1aa818, 0x1aa834, 0x1aa850, 0x1aa86c, 0x1aa888, 0x1aa8a4, 0x1aa8c0, 0x1aa8dc, 0x1aa8f8, 0x1aa914,
  0x1aa930, 0x1aa94c, 0x1aa968, 0x1aa984, 0x1aa9a0, 0x1aa9bc, 0x1aa9d8, 0x1aa9f4, 0x1aaa10, 0x1aaa2c, 0x1aaa48, 0x1aaa64,
  0x1aaa80, 0x1aaa9c, 0x1aaab8, 0x1aaad4, 0x1aaaf0, 0x1aab0c, 0x1aab28, 0x1aab44, 0x1aab60, 0x1aab7c, 0x1aab98, 0x1aabb4,
  0x1aabd0, 0x1aabec, 0x1aac08, 0x1aac24, 0x1aac40, 0x1aac5c, 0x1aac78, 0x1aac94, 0x1aacb0, 0x1aaccc, 0x1aace8, 0x1aad04,
  0x1aad20, 0x1aad3c, 0x1aad58, 0x1aad74, 0x1aad90, 0x1aadac, 0x1aadc8, 0x1aade4, 0x1aae00, 0x1aae1c, 0x1aae38, 0x1aae54,
  0x1aae70, 0x1aae8c, 0x1aaea8, 0x1aaec4, 0x1aaee0, 0x1aaefc, 0x1aaf18, 0x1aaf34, 0x1aaf50, 0x1aaf6c, 0x1aaf88, 0x1aafa4,
  0x1aafc0, 0x1aafdc, 0x1aaff8, 0x1ab014, 0x1ab030, 0x1ab04c, 0x1ab068, 0x1ab084, 0x1ab0a0, 0x1ab0bc, 0x1ab0d8, 0x1ab0f4,
  0x1ab110, 0x1ab12c, 0x1ab148, 0x1ab164, 0x1ab180, 0x1ab19c, 0x1ab1b8, 0x1ab1d4, 0x1ab1f0, 0x1ab20c, 0x1ab228, 0x1ab244,
  0x1ab260, 0x1ab27c, 0x1ab298, 0x1ab2a8, 0x1ab2b0, 0x1ab2b8, 0x1ab2c0, 0x1ab2c8, 0x1ab2d0, 0x1ab2d8, 0x1ab2e0, 0x1ab2e8,
  0x1eacb2, 0x1eacde, 0x1ead0a, 0x1ead36, 0x1ead5e, 0x1ead86, 0x1eadb2, 0x1eadde, 0x1eae0a, 0x1eae36, 0x1eae62, 0x1eae8e,
  0x1eaeba, 0x1eaee6, 0x1eaf12, 0x1eaf3e, 0x1eaf82, 0x1eb112, 0x1eb12e, 0x1eb14a, 0x1eb166, 0x1eb182, 0x1eb19e, 0x1eb1ba,
  0x1eb1d6, 0x1eb1f2, 0x1eb20e, 0x1eb22a, 0x1eb246, 0x1eb262, 0x1eb27e, 0x1eb29a, 0x1eb2b6, 0x1eb2d2, 0x1eb2ee, 0x1eb30a,
  0x1eb326, 0x1eb342, 0x1eb35e, 0x1eb37a, 0x1eb396, 0x1eb3b2, 0x1eb3ce, 0x1eb3ea, 0x1eb406, 0x1eb422, 0x1eb43e, 0x1eb45a,
  0x1eb476, 0x1eb492, 0x1eb4ae, 0x1eb4ca, 0x1eb4e6, 0x1eb502, 0x1eb51e, 0x1eb53a, 0x1eb556, 0x1eb572, 0x1eb58e, 0x1eb5aa,
  0x1eb5c6, 0x1eb5e2, 0x1eb5fe, 0x1eb61a, 0x1eb636, 0x1eca55, 0x1eca61, 0x1eca6d, 0x1eca79, 0x1eca85, 0x1eca91, 0x1eca9d,
  0x1ecaa9, 0x1ecab5, 0x1ecac1, 0x1ecacd, 0x1ecad9, 0x1ecae5, 0x1ecaf1, 0x1ecafd, 0x1ecb09, 0x1ecb19, 0x1ecb29, 0x1ecb39,
  0x1ecb49, 0x1ecb59, 0x1ecb69, 0x1ecb79, 0x1ecb89, 0x1ecb99, 0x1ecba9, 0x1ecbb9, 0x1ecbc9, 0x1ecbd9, 0x1ecbe9, 0x1ecbf9,
  0x1ecc09, 0x1ecc15, 0x1ecc21, 0x1ecc2d, 0x1ecc39, 0x1ecc45, 0x1ecc51, 0x1ecc5d, 0x1ecc69, 0x1ecc75, 0x1ecc81, 0x1ecc8d,
  0x1ecc99, 0x1ecca5, 0x1eccb1, 0x1eccbd, 0x1eccc9, 0x1ecd8d, 0x1ece0d, 0x1ed21d, 0x1ed239, 0x1ed255, 0x1ed271, 0x1ed28d,
  0x1ed2a9, 0x1ed2c5, 0x1ed2e1, 0x1ed2fd, 0x1ed319, 0x1ed335, 0x1ed351, 0x1ed36d, 0x1ed389, 0x1ed3a5, 0x1ed3c1, 0x1ed3d1,
  0x1ed3d9, 0x1ed3e1, 0x1ed3e9, 0x1ed3f1, 0x1ed3f9, 0x1ed401, 0x1ed409, 0x1ed411, 0x1ed419, 0x1ed421, 0x1ed429, 0x1ed431,
  0x1ed439, 0x1ed441, 0x1ed449, 0x1ed451, 0x1ed459, 0x1ed461, 0x1f38cb, 0x1f38d7, 0x1f38e3, 0x1f38ef, 0x1f38fb, 0x1f3907,
  0x1f3913, 0x1f391f, 0x1f392b, 0x1f3937, 0x1f3943, 0x1f394f, 0x1f395b, 0x1f3967, 0x1f3973, 0x1f397f, 0x1f399f, 0x1f39bf,
  0x1f39df, 0x1f39ff, 0x1f3a1f, 0x1f3a3f, 0x1f3a5f, 0x1f3a7f, 0x1f3a9f, 0x1f3abf, 0x1f3adf, 0x1f3aff, 0x1f3b1f, 0x1f3b3f,
  0x1f3b5f, 0x1f3b7f, 0x1f3b97, 0x1f3baf, 0x1f3bc7, 0x1f3bdf, 0x1f3bf7, 0x1f3c0f, 0x1f3c27, 0x1f3c3f, 0x1f3c57, 0x1f3c6f,
  0x1f3c87, 0x1f3c9f, 0x1f3cb7, 0x1f3ccf, 0x1f3ce7, 0x1f3cff, 0x1f47f7, 0x1f47ff, 0x1f4807, 0x1f480f, 0x1f4817, 0x1f481f,
  0x1f4827, 0x1f482f, 0x1f4837, 0x1f483f, 0x1f4847, 0x1f484f, 0x1f4857, 0x1f485f, 0x1f4867, 0x1f486f, 0x1f4877, 0x1f487f,
  0x1f4887, 0x1f488f, 0x1f4897, 0x1f489f, 0x1f48a7, 0x1f48af, 0x1f48b7, 0x1f48bf, 0x1f48c7, 0x1f48cf, 0x1f48d7, 0x1f48df,
  0x1f48e7, 0x1f48ef, 0x1f48f7, 0x1f48ff, 0x1f4907, 0x1f490f, 0x1f4917, 0x1f491f, 0x1f4927, 0x1f492f, 0x1f4937, 0x1f493f,
  0x1f4947, 0x1f494f, 0x1f4957, 0x1f495f, 0x1f4967, 0x1f496f, 0x1f4977, 0x1f497f, 0x1f4987, 0x1f498f, 0x1f4997, 0x1f499f,
  0x1f49a7, 0x1f49af, 0x1f49b7, 0x1f5657, 0x1f565b, 0x1f567b, 0x1f567f, 0x1f569f, 0x1f56a3, 0x1f56e7, 0x1f56eb, 0x1f570b,
  0x1f570f, 0x1f96b4, 0x1f96c8, 0x1f96cc, 0x1f96d0, 0x1f96e4, 0x1f96e8, 0x1f96ec, 0x1f9700, 0x1f9704, 0x1f9708, 0x1f971c,
  0x1f9720, 0x1f9724, 0x1f9738, 0x1f973c, 0x1f9740, 0x1f9754, 0x1f9758, 0x1f975c, 0x1f9770, 0x1f9774, 0x1f9778, 0x1f978c,
  0x1f9790, 0x1f9794, 0x1f97a8, 0x1f97ac, 0x1f97b0, 0x1f97c4, 0x1f97c8, 0x1f97cc, 0x1f97e0, 0x1f97e4, 0x1f97e8, 0x1f97fc,
  0x1f9800, 0x1f9804, 0x1f9818, 0x1f981c, 0x1f9820, 0x1f9834, 0x1f9838, 0x1f983c, 0x1f9850, 0x1f9854, 0x1f9858, 0x1f986c,
  0x1f9870, 0x1f9874, 0x1f9888, 0x1f988c, 0x1f9890, 0x1f98a4, 0x1f98a8, 0x1f98ac, 0x1f98c0, 0x1f98c4, 0x1f98c8, 0x1f98dc,
  0x1f98e0, 0x1f98e4, 0x1f98f8, 0x1f98fc, 0x1f9900, 0x1f9914, 0x1f9918, 0x1f991c, 0x1f9930, 0x1f9934, 0x1f9938, 0x1f994c,
  0x1f9950, 0x1f9954, 0x1f9968, 0x1f996c, 0x1f9970, 0x1f9984, 0x1f9988, 0x1f998c, 0x1f99a0, 0x1f99a4, 0x1f99a8, 0x1f99bc,
  0x1f99c0, 0x1f99c4, 0x1f99d8, 0x1f99dc, 0x1f99e0, 0x1f99f4, 0x1f99f8, 0x1f99fc, 0x1f9a10, 0x1f9a14, 0x1f9a18, 0x1f9a2c,
  0x1f9a30, 0x1f9a34, 0x1f9a48, 0x1f9a4c, 0x1f9a50, 0x1f9a64, 0x1f9a68, 0x1f9a6c, 0x1f9a80, 0x1f9a84, 0x1f9a88, 0x1f9a9c,
  0x1f9aa0, 0x1f9aa4, 0x1f9ab8, 0x1f9abc, 0x1f9ac0, 0x1f9ad4, 0x1f9ad8, 0x1f9adc, 0x1f9af0, 0x1f9af4, 0x1f9af8, 0x1f9b0c,
  0x1f9b10, 0x1f9b14, 0x1f9b28, 0x1f9b2c, 0x1f9b30, 0x1f9b44, 0x1f9b48, 0x1f9b4c, 0x1f9b60, 0x1f9b64, 0x1f9b68, 0x1f9b7c,
  0x1f9b80, 0x1f9b84, 0x1f9b98, 0x1f9b9c, 0x1f9ba0, 0x1f9bb4, 0x1f9bb8, 0x1f9bbc, 0x1f9bd0, 0x1f9bd4, 0x1f9bd8, 0x1f9bec,
  0x1f9bf0, 0x1f9bf4, 0x1f9c08, 0x1f9c0c, 0x1f9c10, 0x1f9c24, 0x1f9c28, 0x1f9c2c, 0x1f9c40, 0x1f9c44, 0x1f9c48, 0x1f9c5c,
  0x1f9c60, 0x1f9c64, 0x1f9c78, 0x1f9c7c, 0x1f9c80, 0x1f9c94, 0x1f9c98, 0x1f9c9c, 0x1f9cb0, 0x1f9cb4, 0x1f9cb8, 0x1f9ccc,
  0x1f9cd0, 0x1f9cd4, 0x1f9ce8, 0x1f9cec, 0x1f9cf0, 0x1f9d04, 0x1f9d08, 0x1f9d0c, 0x1f9d20, 0x1f9d24, 0x1f9d28, 0x1f9d3c,
  0x1f9d40, 0x1f9d44, 0x1f9d58, 0x1f9d5c, 0x1f9d60, 0x1f9d74, 0x1f9d78, 0x1f9d7c, 0x1f9d90, 0x1f9d94, 0x1f9d98, 0x1f9dac,
  0x1f9db0, 0x1f9db4, 0x1f9dc8, 0x1f9dcc, 0x1f9dd0, 0x1f9de4, 0x1f9de8, 0x1f9dec, 0x1f9e00, 0x1f9e04, 0x1f9e08, 0x1f9e1c,
  0x1f9e20, 0x1f9e24, 0x1f9e38, 0x1f9e3c, 0x1f9e40, 0x1f9e54, 0x1f9e58, 0x1f9e5c, 0x1f9e70, 0x1f9e74, 0x1f9e78, 0x1f9e8c,
  0x1f9e90, 0x1f9e94, 0x1f9ea8, 0x1f9eac, 0x1f9eb0, 0x1f9ec4, 0x1f9ec8, 0x1f9ecc, 0x1f9ee0, 0x1f9ee4, 0x1f9ee8, 0x1f9efc,
  0x1f9f00, 0x1f9f04, 0x1f9f18, 0x1f9f1c, 0x1f9f20, 0x1f9f34, 0x1f9f38, 0x1f9f3c, 0x1f9f50, 0x1f9f54, 0x1f9f58, 0x1f9f6c,
  0x1f9f70, 0x1f9f74, 0x1f9f88, 0x1f9f8c, 0x1f9f90, 0x1f9fa4, 0x1f9fa8, 0x1f9fac, 0x1f9fc0, 0x1f9fc4, 0x1f9fc8, 0x1f9fdc,
  0x1f9fe0, 0x1f9fe4, 0x1f9ff8, 0x1f9ffc, 0x1fa000, 0x1fa014, 0x1fa018, 0x1fa01c, 0x1fa030, 0x1fa034, 0x1fa038, 0x1fbcb3,
  0x1fbe87, 0x1fbe8b, 0x1fbe8f, 0x1fbea3, 0x1fbea7, 0x1fbeab, 0x1fbebf, 0x1fbec3, 0x1fbec7, 0x1fbedb, 0x1fbedf, 0x1fbee3,
  0x1fbef7, 0x1fbefb, 0x1fbeff, 0x1fbf13, 0x1fbf17, 0x1fbf1b, 0x1fbf2f, 0x1fbf33, 0x1fbf37, 0x1fbf4b, 0x1fbf4f, 0x1fbf53,
  0x1fbf67, 0x1fbf6b, 0x1fbf6f, 0x1fbf83, 0x1fbf87, 0x1fbf8b, 0x1fbf9f, 0x1fbfa3, 0x1fbfa7, 0x1fbfbb, 0x1fbfbf, 0x1fbfc3,
  0x1fbfd7, 0x1fbfdb, 0x1fbfdf, 0x1fbff3, 0x1fbff7, 0x1fbffb, 0x1fc00f, 0x1fc013, 0x1fc017, 0x1fc02b, 0x1fc02f, 0x1fc033,
  0x1fc047, 0x1fc04b, 0x1fc04f, 0x1fc063, 0x1fc067, 0x1fc06b, 0x1fc07f, 0x1fc083, 0x1fc087, 0x1fc09b, 0x1fc09f, 0x1fc0a3,
  0x1fc0b7, 0x1fc0bb, 0x1fc0bf, 0x1fc0d3, 0x1fc0d7, 0x1fc0db, 0x1fc0ef, 0x1fc0f3, 0x1fc0f7, 0x1fc10b, 0x1fc10f, 0x1fc113,
  0x1fc127, 0x1fc12b, 0x1fc12f, 0x1fc143, 0x1fc147, 0x1fc14b, 0x1fc15f, 0x1fc163, 0x1fc167, 0x1fc17b, 0x1fc17f, 0x1fc183,
  0x1fc197, 0x1fc19b, 0x1fc19f, 0x1fc1b3, 0x1fc1b7, 0x1fc1bb, 0x1fc1cf, 0x1fc1d3, 0x1fc1d7, 0x1fc1eb, 0x1fc1ef, 0x1fc1f3,
  0x1fc207, 0x1fc20b, 0x1fc20f, 0x1fc223, 0x1fc227, 0x1fc22b, 0x1fc23f, 0x1fc243, 0x1fc247, 0x1fc25b, 0x1fc25f, 0x1fc263,
  0x1fc277, 0x1fc27b, 0x1fc27f, 0x1fc293, 0x1fc297, 0x1fc29b, 0x1fc2af, 0x1fc2b3, 0x1fc2b7, 0x1fc2cb, 0x1fc2cf, 0x1fc2d3,
  0x1fc2e7, 0x1fc2eb, 0x1fc2ef, 0x1fc303, 0x1fc307, 0x1fc30b, 0x1fc31f, 0x1fc323, 0x1fc327, 0x1fc33b, 0x1fc33f, 0x1fc343,
  0x1fc357, 0x1fc35b, 0x1fc35f, 0x1fc373, 0x1fc377, 0x1fc37b, 0x1fc38f, 0x1fc393, 0x1fc397, 0x1fc3ab, 0x1fc3af, 0x1fc3b3,
  0x1fc3c7, 0x1fc3cb, 0x1fc3cf, 0x1fc3e3, 0x1fc3e7, 0x1fc3eb, 0x1fc3ff, 0x1fc403, 0x1fc407, 0x1fc41b, 0x1fc41f, 0x1fc423,
  0x1fc437, 0x1fc43b, 0x1fc43f, 0x1fc453, 0x1fc457, 0x1fc45b, 0x1fc46f, 0x1fc473, 0x1fc477, 0x1fc48b, 0x1fc48f, 0x1fc493,
  0x1fc4a7, 0x1fc4ab, 0x1fc4af, 0x1fc4c3, 0x1fc4c7, 0x1fc4cb, 0x1fc4df, 0x1fc4e3, 0x1fc4e7, 0x1fc4fb, 0x1fc4ff, 0x1fc503,
  0x1fc517, 0x1fc51b, 0x1fc51f, 0x1fc533, 0x1fc537, 0x1fc53b, 0x1fc54f, 0x1fc553, 0x1fc557, 0x1fc56b, 0x1fc56f, 0x1fc573,
  0x1fc587, 0x1fc58b, 0x1fc58f, 0x1fc5a3, 0x1fc5a7, 0x1fc5ab, 0x1fc5bf, 0x1fc5c3, 0x1fc5c7, 0x1fc5db, 0x1fc5df, 0x1fc5e3,
  0x1fc5f7, 0x1fc5fb, 0x1fc5ff, 0x1fc613, 0x1fc617, 0x1fc61b, 0x1fc62f, 0x1fc633, 0x1fc637, 0x1fc64b, 0x1fc64f, 0x1fc653,
  0x1fc667, 0x1fc66b, 0x1fc66f, 0x1fc683, 0x1fc687, 0x1fc68b, 0x1fc69f, 0x1fc6a3, 0x1fc6a7, 0x1fc6bb, 0x1fc6bf, 0x1fc6c3,
  0x1fc6d7, 0x1fc6db, 0x1fc6df, 0x1fc6f3, 0x1fc6f7, 0x1fc6fb, 0x1fc70f, 0x1fc713, 0x1fc717, 0x1fc72b, 0x1fc72f, 0x1fc733,
  0x1fc747, 0x1fc74b, 0x1fc74f, 0x1fc763, 0x1fc767, 0x1fc76b, 0x1fc77f, 0x1fc783, 0x1fc787, 0x1fc79b, 0x1fc79f, 0x1fc7a3,
  0x1fc7b7, 0x1fc7bb, 0x1fc7bf, 0x1fc7d3, 0x1fc7d7, 0x1fc7db, 0x1fc7ef, 0x1fc7f3, 0x1fc7f7, 0x1fc80b, 0x1fc80f, 0x1fc813,
  0x1fc827, 0x1fc82b, 0x1fc82f, 0x1fc843, 0x1fc847, 0x1fc84b, 0x1fc85f, 0x1fc863, 0x1fc867, 0x1fc87b, 0x1fc87f, 0x1fc883,
  0x1fc897, 0x1fc89b, 0x1fc89f, 0x1fc8b3, 0x1fc8b7, 0x1fc8bb, 0x1fc8cf, 0x1fc8d3, 0x1fc8d7, 0x1fc8eb, 0x1fc8ef, 0x1fc8f3,
  0x1fc907, 0x1fc90b, 0x1fc90f, 0x1fc923, 0x1fc927, 0x1fc92b, 0x1fc93f, 0x1fc943, 0x1fc947, 0x1fc95b, 0x1fc95f, 0x1fc963,
  0x1fc977, 0x1fc97b, 0x1fc97f, 0x1ff372, 0x1ff37e, 0x1ff38a, 0x1ff396, 0x1ff3a2, 0x1ff3ae, 0x1ff3ba, 0x1ff3c6, 0x1ff3d2,
  0x1ff3de, 0x1ff3ea, 0x1ff3f6, 0x1ff402, 0x1ff40e, 0x1ff41a, 0x1ff426, 0x1ff456, 0x1ff48a, 0x1ff4be, 0x1ff4f2, 0x1ff526,
  0x1ff55a, 0x1ff58e, 0x1ff5c2, 0x1ff5f6, 0x1ff62a, 0x1ff65e, 0x1ff692, 0x1ff6c6, 0x1ff6fa, 0x1ff72e, 0x1ff762, 0x1ff77e,
  0x1ff79a, 0x1ff7b6, 0x1ff7d2, 0x1ff7ee, 0x1ff80a, 0x1ff826, 0x1ff842, 0x1ff85e, 0x1ff87a, 0x1ff896, 0x1ff8b2, 0x1ff8ce,
  0x1ff8ea, 0x1ff906, 0x1ff922, 0x1ff95a, 0x1ff992, 0x1ff9ca, 0x1ffa02, 0x1ffa3a, 0x1ffa72, 0x1ffaaa, 0x1ffae2, 0x1ffb1a,
  0x1ffb52, 0x1ffb8a, 0x1ffbc2, 0x1ffbfa, 0x1ffc32, 0x1ffc6a, 0x1ffca2, 0x1ffce6, 0x20151a, 0x201536, 0x201552, 0x20156e,
  0x20158a, 0x2015a6, 0x2015c2, 0x2015de, 0x2015fa, 0x201616, 0x201632, 0x20164e, 0x20166a, 0x201686, 0x2016a2, 0x2016be,
  0x2016da, 0x2016f6, 0x201712, 0x20172e, 0x20174a, 0x201766, 0x201782, 0x20179e, 0x2017ba, 0x2017d6, 0x2017f2, 0x20180e,
  0x20182a, 0x201846, 0x201862, 0x20187e, 0x20189a, 0x2018b6, 0x2018d2, 0x2018ee, 0x20190a, 0x201926, 0x201942, 0x20195e,
  0x20197a, 0x201996, 0x2019b2, 0x2019ce, 0x2019ea, 0x201a06, 0x201a22, 0x201a3e, 0x201a5a, 0x201a76, 0x201a92, 0x201aae,
  0x201aca, 0x201ae6, 0x201b02, 0x201b1e, 0x201b3a, 0x201b56, 0x201b72, 0x201b8e, 0x201baa, 0x201bc6, 0x201be2, 0x201bfe,
  0x201c1a, 0x201c36, 0x201c52, 0x201c6e, 0x201c8a, 0x201ca6, 0x201cc2, 0x201cde, 0x201cfa, 0x201d16, 0x201d32, 0x201d4e,
  0x201d6a, 0x201d86, 0x201da2, 0x201dbe, 0x201dda, 0x201df6, 0x201e12, 0x201e2e, 0x201e4a, 0x201e66, 0x201e82, 0x201e9e,
  0x201eba, 0x201ed6, 0x201ef2, 0x201f0e, 0x201f2a, 0x201f46, 0x201f62, 0x201f7e, 0x201f9a, 0x201fb6, 0x201fd2, 0x201fee,
  0x20200a, 0x202026, 0x202042, 0x20205e, 0x20207a, 0x202096, 0x2020b2, 0x2020ce, 0x2020ea, 0x202106, 0x202122, 0x20213e,
  0x20215a, 0x202176, 0x202192, 0x2021ae, 0x2021ca, 0x2021e6, 0x202202, 0x20221e, 0x20223a, 0x202256, 0x202272, 0x20228e,
  0x2022aa, 0x2022c6, 0x2022e2, 0x2022fe, 0x20231a, 0x202336, 0x202352, 0x20236e, 0x20238a, 0x2023a6, 0x2023c2, 0x2023de,
  0x2023fa, 0x202416, 0x202432, 0x20244e, 0x20246a, 0x202486, 0x2024a2, 0x2024be, 0x2024da, 0x2024f6, 0x202512, 0x20252e,
  0x20254a, 0x202566, 0x202582, 0x20259e, 0x2025ba, 0x2025d6, 0x2025f2, 0x20260e, 0x20262a, 0x202646, 0x202662, 0x20267e,
  0x20269a, 0x2026b6, 0x2026d2, 0x2026ee, 0x20270a, 0x202726, 0x202742, 0x20275e, 0x20277a, 0x202796, 0x2027b2, 0x2027ce,
  0x2027ea, 0x202806, 0x202822, 0x20283e, 0x20285a, 0x202876, 0x202892, 0x2028ae, 0x2028ca, 0x2028e6, 0x202902, 0x20291e,
  0x20293a, 0x202956, 0x202972, 0x20298e, 0x2029aa, 0x2029c6, 0x2029e2, 0x2029fe, 0x202a0e, 0x202a16, 0x202a1e, 0x202a26,
  0x202a2e, 0x202a36, 0x202a3e, 0x202a46, 0x202a4e, 0x202a56, 0x202a5e, 0x202a66, 0x202a6e, 0x202a76, 0x202a7e, 0x202a86,
  0x2402cb, 0x2402d7, 0x2402e3, 0x2402ef, 0x2402fb, 0x240307, 0x240313, 0x24031f, 0x24032b, 0x240337, 0x240343, 0x24034f,
  0x24035b, 0x240367, 0x240373, 0x24037f, 0x24038b, 0x240397, 0x2403a3, 0x2403af, 0x2403bb, 0x2403c7, 0x2403d3, 0x2403df,
  0x2403eb, 0x2403f7, 0x240403, 0x24040f, 0x24041b, 0x240427, 0x240433, 0x24043f, 0x24044b, 0x240457, 0x240463, 0x24046f,
  0x24047b, 0x2404bf, 0x24053f, 0x2405cb, 0x24066b, 0x2406db, 0x2406f7, 0x240713, 0x24072f, 0x24074b, 0x240767, 0x240783,
  0x24079f, 0x2407bb, 0x2407d7, 0x2407f3, 0x24080f, 0x24082b, 0x240847, 0x240863, 0x24087f, 0x24089b, 0x2408ab, 0x2408b3,
  0x2408bb, 0x2408c3, 0x244574, 0x244580, 0x24458c, 0x244598, 0x2445a4, 0x2445b0, 0x2445bc, 0x2445c8, 0x2445d4, 0x2445e0,
  0x2445ec, 0x2445f8, 0x244604, 0x244610, 0x24461c, 0x244628, 0x244634, 0x244640, 0x24464c, 0x244658, 0x244664, 0x244670,
  0x24467c, 0x244688, 0x244694, 0x2446a0, 0x2446ac, 0x2446b8, 0x2446c4, 0x2446d0, 0x2446dc, 0x2446e8, 0x2446f4, 0x244700,
  0x24470c, 0x244718, 0x244724, 0x244730, 0x24473c, 0x244748, 0x244754, 0x244760, 0x24476c, 0x244778, 0x244784, 0x244790,
  0x24479c, 0x2447a8, 0x2447b4, 0x2447c0, 0x2447cc, 0x2447d8, 0x2447e4, 0x2447f0, 0x2447fc, 0x244808, 0x244814, 0x244820,
  0x24482c, 0x24490c, 0x244928, 0x244944, 0x24497c, 0x244998, 0x2449b4, 0x244a24, 0x244a40, 0x244a5c, 0x244a78, 0x244a94,
  0x244ab0, 0x244acc, 0x244ae8, 0x244b04, 0x244b20, 0x244b3c, 0x244b58, 0x244b74, 0x244b90, 0x244bac, 0x244bc8, 0x244be4,
  0x244c00, 0x244c1c, 0x244c38, 0x244c54, 0x244c70, 0x244c8c, 0x244ca8, 0x244cc4, 0x244ce0, 0x244cfc, 0x244d18, 0x244d34,
  0x244d50, 0x244d6c, 0x244d88, 0x244da4, 0x244dc0, 0x244ddc, 0x244df8, 0x244e14, 0x244e30, 0x244e4c, 0x244e68, 0x244e84,
  0x244ea0, 0x244ebc, 0x244ed8, 0x244ef4, 0x244f10, 0x244f2c, 0x244f48, 0x244f74, 0x244f7c, 0x244f84, 0x244f8c, 0x244f94,
  0x288d9d, 0x288da9, 0x288db5, 0x288dc1, 0x288dcd, 0x288dd9, 0x288de5, 0x288df1, 0x288dfd, 0x288e09, 0x288e15, 0x288e21,
  0x288e2d, 0x288e39, 0x288e45, 0x288e51, 0x288e71, 0x288e91, 0x288eb1, 0x288ed1, 0x288ef1, 0x288f11, 0x288f31, 0x288f51,
  0x288f71, 0x288f91, 0x288fb1, 0x288fd1, 0x288ff1, 0x289011, 0x289031, 0x289051, 0x289069, 0x289081, 0x289099, 0x2890b1,
  0x2890c9, 0x2890e1, 0x2890f9, 0x289111, 0x289129, 0x289141, 0x289159, 0x289171, 0x289189, 0x2891a1, 0x2891b9, 0x2891d1,
  0x289cc9, 0x289cd1, 0x289cd9, 0x289ce1, 0x289ce9, 0x289cf1, 0x289cf9, 0x289d01, 0x289d09, 0x289d11, 0x289d21, 0x289d31,
  0x289d39, 0x289d41, 0x289d49, 0x289d51, 0x289f19, 0x289f1d, 0x289f3d, 0x289f41, 0x289f61, 0x289f65, 0x289f85, 0x289f89,
  0x289fa9, 0x289fad, 0x289fcd, 0x289fd1, 0x289ff1, 0x289ff5, 0x28fe02, 0x28fe0e, 0x29000e, 0x290016, 0x292866, 0x292872,
  0x29287e, 0x29288a, 0x292896, 0x2928a2, 0x2928ae, 0x2928ba, 0x2928c6, 0x2928d2, 0x2928de, 0x2929b6, 0x2929f6, 0x292ab2,
  0x292ace, 0x292aea, 0x292b06, 0x292bae, 0x292bca, 0x292be6, 0x292c02, 0x292c1e, 0x292c2e, 0x292c36, 0x292c3e, 0x292c46,
  0x292c4e, 0x29b450, 0x29b45c, 0x29b468, 0x29b474, 0x29b480, 0x29b48c, 0x29b498, 0x29b4a4, 0x29b4b0, 0x29b4bc, 0x29b4c8,
  0x29b4d4, 0x29b4e0, 0x29b4ec, 0x29b4f8, 0x29b504, 0x29b524, 0x29b544, 0x29b564, 0x29b584, 0x29b5a4, 0x29b5c4, 0x29b5e4,
  0x29b604, 0x29b624, 0x29b644, 0x29b664, 0x29b684, 0x29b6a4, 0x29b6c4, 0x29b6e4, 0x29b704, 0x29b71c, 0x29b734, 0x29b74c,
  0x29b764, 0x29b77c, 0x29b794, 0x29b7ac, 0x29b7c4, 0x29b7dc, 0x29b7f4, 0x29b80c, 0x29b824, 0x29b83c, 0x29b854, 0x29b86c,
  0x29b884, 0x29c37c, 0x29c384, 0x29c38c, 0x29c394, 0x29c39c, 0x29c3a4, 0x29c3ac, 0x29c3b4, 0x29c3bc, 0x29c3c4, 0x29c3cc,
  0x29c3d4, 0x29c3dc, 0x29c3e4, 0x29c3ec, 0x29c3f4, 0x29c3fc, 0x29c404, 0x29c40c, 0x29c414, 0x29c41c, 0x29c424, 0x29c42c,
  0x29c434, 0x29c43c, 0x29c444, 0x29c44c, 0x29c454, 0x29c45c, 0x29c464, 0x29c46c, 0x29c474, 0x29c47c, 0x29c484, 0x29c48c,
  0x29c494, 0x29c49c, 0x29c4a4, 0x29c4ac, 0x29c4b4, 0x29c4bc, 0x29c4c4, 0x29c4cc, 0x29c4d4, 0x29c4dc, 0x29c4e4, 0x29c4ec,
  0x29c4f4, 0x29c4fc, 0x29c504, 0x29c50c, 0x29c514, 0x29c51c, 0x29c524, 0x29c52c, 0x29c534, 0x29c53c, 0x29c544, 0x29c54c,
  0x29c554, 0x29c55c, 0x29c564, 0x29d224, 0x29d228, 0x29d248, 0x29d24c, 0x29d26c, 0x29d270, 0x29d290, 0x29d294, 0x29d2d8,
  0x29d2dc, 0x29d2fc, 0x29d300, 0x2a0707, 0x2a0713, 0x2a071f, 0x2a072b, 0x2a0737, 0x2a0743, 0x2a074f, 0x2a075b, 0x2a0767,
  0x2a0773, 0x2a077f, 0x2a078b, 0x2a0797, 0x2a07a3, 0x2a07af, 0x2a07bb, 0x2a07db, 0x2a07fb, 0x2a081b, 0x2a083b, 0x2a085b,
  0x2a087b, 0x2a089b, 0x2a08bb, 0x2a08db, 0x2a08fb, 0x2a091b, 0x2a093b, 0x2a095b, 0x2a097b, 0x2a099b, 0x2a09bb, 0x2a09d3,
  0x2a09eb, 0x2a0a03, 0x2a0a1b, 0x2a0a33, 0x2a0a4b, 0x2a0a63, 0x2a0a7b, 0x2a0a93, 0x2a0aab, 0x2a0ac3, 0x2a0adb, 0x2a0af3,
  0x2a0b0b, 0x2a0b23, 0x2a0b3b, 0x2a0f77, 0x2a0f93, 0x2a0faf, 0x2a0fcb, 0x2a0fe7, 0x2a1003, 0x2a101f, 0x2a103b, 0x2a1057,
  0x2a1073, 0x2a108f, 0x2a10ab, 0x2a10c7, 0x2a10e3, 0x2a10ff, 0x2a111b, 0x2a1137, 0x2a1153, 0x2a116f, 0x2a118b, 0x2a11a7,
  0x2a11c3, 0x2a11df, 0x2a11fb, 0x2a1217, 0x2a1233, 0x2a124f, 0x2a126b, 0x2a1287, 0x2a12a3, 0x2a1633, 0x2a163b, 0x2a1643,
  0x2a164b, 0x2a1653, 0x2a165b, 0x2a1663, 0x2a166b, 0x2a1673, 0x2a167b, 0x2a1683, 0x2a168b, 0x2a1693, 0x2a169b, 0x2a16a3,
  0x2a16ab, 0x2a16b3, 0x2a16bb, 0x2a16c3, 0x2a16cb, 0x2a16d3, 0x2a16db, 0x2a16e3, 0x2a16eb, 0x2a16f3, 0x2a16fb, 0x2a1703,
  0x2a170b, 0x2a1713, 0x2a171b, 0x2a1723, 0x2a172b, 0x2a1733, 0x2a173b, 0x2a1b17, 0x2a1b1b, 0x2a1b3b, 0x2a1b3f, 0x2a1b5f,
  0x2a1b63, 0x2a51f9, 0x2a5205, 0x2a5211, 0x2a521d, 0x2a5229, 0x2a5235, 0x2a5241, 0x2a524d, 0x2a5259, 0x2a5265, 0x2a5271,
  0x2a527d, 0x2a5289, 0x2a5295, 0x2a52a1, 0x2a52ad, 0x2a52b9, 0x2a52c5, 0x2a52d1, 0x2a52dd, 0x2a52e9, 0x2a52f5, 0x2a5301,
  0x2a530d, 0x2a5319, 0x2a5325, 0x2a5331, 0x2a533d, 0x2a5349, 0x2a5355, 0x2a5361, 0x2a536d, 0x2a5379, 0x2a5385, 0x2a5391,
  0x2a539d, 0x2a53a9, 0x2a53b5, 0x2a53c1, 0x2a53cd, 0x2a53d9, 0x2a53e5, 0x2a53f1, 0x2a53fd, 0x2a5409, 0x2a5415, 0x2a5421,
  0x2a542d, 0x2a5439, 0x2a5445, 0x2a5451, 0x2a545d, 0x2a5469, 0x2a5475, 0x2a5481, 0x2a548d, 0x2a5499, 0x2a54a5, 0x2a54b1,
  0x2a54bd, 0x2a54c9, 0x2a54d5, 0x2a54e1, 0x2a54ed, 0x2a5505, 0x2a5549, 0x2a55c9, 0x2a5649, 0x2a5899, 0x2a58b5, 0x2a58d1,
  0x2a58ed, 0x2a5909, 0x2a5925, 0x2a5941, 0x2a595d, 0x2a5979, 0x2a5995, 0x2a59b1, 0x2a59cd, 0x2a59e9, 0x2a5a05, 0x2a5a21,
  0x2a5a3d, 0x2a5a59, 0x2a5a75, 0x2a5a91, 0x2a5aad, 0x2a5ac9, 0x2a5ae5, 0x2a5b01, 0x2a5b1d, 0x2a5b39, 0x2a5b55, 0x2a5b71,
  0x2a5b8d, 0x2a5ba9, 0x2a5bc5, 0x2a5be1, 0x2a5bfd, 0x2a5c19, 0x2a5c35, 0x2a5c51, 0x2a5c61, 0x2a5c69, 0x2ab5ce, 0x2ab5da,
  0x2ab5e6, 0x2ab5f2, 0x2ab5fe, 0x2ab60a, 0x2ab622, 0x2ab772, 0x2ab84a, 0x2ab89e, 0x2ab8ba, 0x2ab8d6, 0x2ab8f2, 0x2ab902,
  0x2ab90a, 0x2ab912, 0x2ab91a, 0x2bbb30, 0x2bbb3c, 0x2bbb48, 0x2bbb54, 0x2bbb60, 0x2bbb6c, 0x2bbb78, 0x2bbb84, 0x2bbb90,
  0x2bbb9c, 0x2bbba8, 0x2bbbb4, 0x2bbbc0, 0x2bbbcc, 0x2bbbd8, 0x2bbbe4, 0x2bbc14, 0x2bbc44, 0x2bbc74, 0x2bbca4, 0x2bbcd4,
  0x2bbd04, 0x2bbd34, 0x2bbd64, 0x2bbd94, 0x2bbdc4, 0x2bbdf4, 0x2bbe24, 0x2bbe54, 0x2bbe84, 0x2bbeb4, 0x2bbee4, 0x2bbef0,
  0x2bbefc, 0x2bbf08, 0x2bbf14, 0x2bbf20, 0x2bbf2c, 0x2bbf38, 0x2bbf44, 0x2bbf50, 0x2bbf5c, 0x2bbf68, 0x2bbf74, 0x2bbf80,
  0x2bbf8c, 0x2bbf98, 0x2bbfa4, 0x2bbfb0, 0x2bbfbc, 0x2bbfc8, 0x2bbfd4, 0x2bbfe0, 0x2bbfec, 0x2bbff8, 0x2bc004, 0x2bc010,
  0x2bc01c, 0x2bc028, 0x2bc034, 0x2bc040, 0x2bc04c, 0x2bc058, 0x2bc064, 0x2bc0a8, 0x2bc128, 0x2bc1a8, 0x2bd3b8, 0x2bd3d4,
  0x2bd3f0, 0x2bd40c, 0x2bd428, 0x2bd444, 0x2bd460, 0x2bd47c, 0x2bd498, 0x2bd4b4, 0x2bd4d0, 0x2bd4ec, 0x2bd508, 0x2bd524,
  0x2bd540, 0x2bd55c, 0x2bd578, 0x2bd594, 0x2bd5b0, 0x2bd5cc, 0x2bd5e8, 0x2bd604, 0x2bd620, 0x2bd63c, 0x2bd658, 0x2bd674,
  0x2bd690, 0x2bd6ac, 0x2bd6c8, 0x2bd6e4, 0x2bd700, 0x2bd71c, 0x2bd72c, 0x2bd734, 0x2bd73c, 0x2bd744, 0x2bd74c, 0x2bd754,
  0x2bd75c, 0x2bd764, 0x2bd76c, 0x2bd774, 0x2bd77c, 0x2bd784, 0x2bd78c, 0x2bd794, 0x2bd79c, 0x2bd7a4, 0x2bd7ac, 0x2bd7b4,
  0x2bd7bc, 0x2bd7c4, 0x2bd7cc, 0x2bd7d4, 0x2bd7dc, 0x2bd7e4, 0x2bd7ec, 0x2bd7f4, 0x2bd7fc, 0x2bd804, 0x2bd80c, 0x2bd814,
  0x2bd81c, 0x2bd824, 0x2bd82c, 0x2bd834, 0x2bd83c, 0x2bd844, 0x2bd84c, 0x2bd854, 0x2bd85c, 0x2bd864, 0x2bd86c, 0x2bd874,
  0x2bd87c, 0x2bd884, 0x2bd88c, 0x2bd894, 0x2bd89c, 0x2bd8a4, 0x2bd8ac, 0x2bd8b4, 0x2bd8bc, 0x2bd8c4, 0x2bd8cc, 0x2bd8d4,
  0x2bd8dc, 0x2bd8e4, 0x2bd8ec, 0x2bd8f4, 0x2bd8fc, 0x2bd904, 0x2bd90c, 0x2bd914, 0x2bd91c, 0x2bd924, 0x2bd92c, 0x2bd934,
  0x2bd93c, 0x2bd944, 0x2bd94c, 0x2bd954, 0x2bd95c, 0x2bd964, 0x2bd96c, 0x2bd974, 0x2bd97c, 0x2bd984, 0x2bd98c, 0x2bd994,
  0x2bd99c, 0x2bd9a4, 0x2bd9ac, 0x2bd9b4, 0x2bd9bc, 0x2bd9c4, 0x2bd9cc, 0x2bd9d4, 0x2bd9dc, 0x2bd9e4, 0x2bd9ec, 0x2bd9f4,
  0x2bd9fc, 0x2bda04, 0x2bda0c, 0x2bda14, 0x2bda1c, 0x2bda24, 0x2bda2c, 0x2bda34, 0x2bda3c, 0x2bda44, 0x2bda4c, 0x2bda54,
  0x2bda5c, 0x2bda64, 0x2bda6c, 0x2bda74, 0x2bda7c, 0x2bda84, 0x2bda8c, 0x2bda94, 0x2bda9c, 0x2bdaa4, 0x2bdaac, 0x2bdab4,
  0x2bdabc, 0x2bdac4, 0x2bdacc, 0x2bdad4, 0x2bdadc, 0x2bdae4, 0x2bdaec, 0x2bdaf4, 0x2bdafc, 0x2bdb04, 0x2bdb0c, 0x2bdb14,
  0x2bdb1c, 0x2bdb24, 0x2bdb2c, 0x2bdb34, 0x2bdb3c, 0x2bdb44, 0x2bdb4c, 0x2bdb54, 0x2bdb5c, 0x2bdb64, 0x2bdb6c, 0x2bdb74,
  0x2bdb7c, 0x2bdb84, 0x2bdb8c, 0x2bdb94, 0x2bdb9c, 0x2bdba4, 0x2bdbac, 0x2bdbb4, 0x2bdbbc, 0x2bdbc4, 0x2bdbcc, 0x2bdbd4,
  0x2bdbdc, 0x2bdbe4, 0x2bdbec, 0x2eeafa, 0x2eeb06, 0x2eeb12, 0x2eeb1e, 0x2eeb2a, 0x2eeb36, 0x2eeb42, 0x2eeb4e, 0x2eeb5a,
  0x2eeb66, 0x2eeb72, 0x2eeb7e, 0x2eeb8a, 0x2eeb96, 0x2eeba2, 0x2eebae, 0x2eebbe, 0x2eebce, 0x2eebde, 0x2eebee, 0x2eebfe,
  0x2eec0e, 0x2eec1e, 0x2eec2e, 0x2eec3e, 0x2eec4e, 0x2eec5e, 0x2eec6e, 0x2eec7e, 0x2eec8e, 0x2eec9e, 0x2eecae, 0x2eedf2,
  0x2ef1f6, 0x2ef1fe, 0x2ef206, 0x2ef20e, 0x2ef216, 0x2ef21e, 0x2ef226, 0x2ef22e, 0x2ef236, 0x2ef23e, 0x2ef246, 0x2ef24e,
  0x2ef256, 0x2ef25e, 0x2ef266, 0x2ef26e, 0x2ef276, 0x2ef27e, 0x2ef286, 0x2ef28e, 0x2ef296, 0x2ef29e, 0x2ef2a6, 0x2ef2ae,
  0x2ef2b6, 0x2ef2be, 0x2ef2c6, 0x2ef2ce, 0x2ef2d6, 0x2ef2de, 0x301ec4, 0x301ed0, 0x301edc, 0x301ee8, 0x301ef4, 0x301f00,
  0x301f0c, 0x301f18, 0x301f24, 0x301f30, 0x301f3c, 0x301f48, 0x301f54, 0x301f60, 0x301f6c, 0x301f78, 0x301fa8, 0x301fd8,
  0x302008, 0x302038, 0x302068, 0x302098, 0x3020c8, 0x3020f8, 0x302128, 0x302158, 0x302188, 0x3021b8, 0x3021e8, 0x302218,
  0x302248, 0x302278, 0x302284, 0x302290, 0x30229c, 0x3022a8, 0x3022b4, 0x3022c0, 0x3022cc, 0x3022d8, 0x3022e4, 0x3022f0,
  0x3022fc, 0x302308, 0x302314, 0x302320, 0x30232c, 0x302338, 0x302350, 0x302414, 0x302494, 0x303864, 0x303880, 0x30389c,
  0x3038b8, 0x3038c8, 0x3038d0, 0x3038d8, 0x3038e0, 0x3038e8, 0x3038f0, 0x3038f8, 0x303900, 0x303908, 0x303910, 0x303918,
  0x303920, 0x303928, 0x303930, 0x303938, 0x303940, 0x303948, 0x303950, 0x303958, 0x303960, 0x303968, 0x303970, 0x303978,
  0x303980, 0x303988, 0x303990, 0x303998, 0x3039a0, 0x3039a8, 0x3039b0, 0x3039b8, 0x3039c0, 0x3039c8, 0x3039d0, 0x3039d8,
  0x3039e0, 0x3039e8, 0x3039f0, 0x3039f8, 0x303a00, 0x303a08, 0x303a10, 0x303a18, 0x303a20, 0x303a28, 0x303a30, 0x303a38,
  0x303a40, 0x303a48, 0x303a50, 0x303a58, 0x303a60, 0x303a68, 0x303a70, 0x303a78, 0x303a80, 0x303a88, 0x303a90, 0x303a98,
  0x303aa0, 0x303aa8, 0x303ab0, 0x303ab8, 0x303ac0, 0x303ac8, 0x303ad0, 0x303ad8, 0x303ae0, 0x303ae8, 0x303af0, 0x303af8,
  0x303b00, 0x303b08, 0x303b10, 0x303b18, 0x303b20, 0x303b28, 0x303b30, 0x303b38, 0x303b40, 0x303b48, 0x303b50, 0x303b58,
  0x303b60, 0x304554, 0x304558, 0x3046bc, 0x3046c0, 0x3046e0, 0x3046e4, 0x304704, 0x304708, 0x304728, 0x30472c, 0x30474c,
  0x304750, 0x304770, 0x304774, 0x319994, 0x3199a0, 0x3199ac, 0x3199b8, 0x3199c4, 0x3199d0, 0x3199dc, 0x3199e8, 0x3199f4,
  0x319a00, 0x319a0c, 0x319a18, 0x319a24, 0x319a30, 0x319a3c, 0x319a48, 0x319a68, 0x319a88, 0x319aa8, 0x319ac8, 0x319ae8,
  0x319b08, 0x319b28, 0x319b48, 0x319b68, 0x319b88, 0x319ba8, 0x319bc8, 0x319be8, 0x319c08, 0x319c28, 0x319c48, 0x319d8c,
  0x31a3c0, 0x31a3c8, 0x31a3d0, 0x31a3d8, 0x31a3e0, 0x31a3e8, 0x31a3f0, 0x31a3f8, 0x31a400, 0x31a408, 0x31a410, 0x31a418,
  0x31a420, 0x31a428, 0x31a430, 0x31a438, 0x31a440, 0x31a448, 0x31a450, 0x31a458, 0x31a460, 0x31a468, 0x31a470, 0x31a478,
  0x31a480, 0x31a488, 0x31a490, 0x31a498, 0x31a4a0, 0x31a4a8, 0x31a4b0, 0x31a4b8, 0x31a4c0, 0x31a4c8, 0x31a4d0, 0x31a4d8,
  0x31a4e0, 0x31a4e8, 0x31a4f0, 0x31a4f8, 0x31c7b6, 0x31c7e6, 0x31c7f2, 0x31c7fe, 0x31c80a, 0x31c816, 0x31c966, 0x31ca5a,
  0x31ca86, 0x31ca8e, 0x31ca96, 0x31ca9e, 0x3286ab, 0x3286b7, 0x3286c3, 0x3286cf, 0x3286db, 0x3286e7, 0x3286f3, 0x3286ff,
  0x32870b, 0x328717, 0x328723, 0x32872f, 0x32873b, 0x328747, 0x328753, 0x32875f, 0x32876b, 0x328777, 0x328783, 0x32878f,
  0x32879b, 0x32885f, 0x3288eb, 0x32898b, 0x3289fb, 0x328a17, 0x328a33, 0x328a4f, 0x328a6b, 0x328a87, 0x328aa3, 0x328abf,
  0x328adb, 0x328af7, 0x328b13, 0x328b2f, 0x328b4b, 0x328b67, 0x328b83, 0x328b9f, 0x328baf, 0x328bb7, 0x328bbf, 0x328bc7,
  0x32ea18, 0x32ea24, 0x32ea30, 0x32ea3c, 0x32ea48, 0x32ea54, 0x32ea60, 0x32ea6c, 0x32ea78, 0x32ea84, 0x32ea90, 0x32ea9c,
  0x32eaa8, 0x32eab4, 0x32eac0, 0x32eacc, 0x32ead8, 0x32eae4, 0x32eaf0, 0x32eafc, 0x32eb08, 0x32eb14, 0x32eb40, 0x32ec04,
  0x32ec90, 0x32ed4c, 0x32edbc, 0x32edd8, 0x32edf4, 0x32ee10, 0x32ee2c, 0x32ee48, 0x32ee64, 0x32ee80, 0x32ee9c, 0x32eeb8,
  0x32eed4, 0x32eef0, 0x32ef0c, 0x32ef28, 0x32ef44, 0x32ef60, 0x32ef7c, 0x32ef98, 0x32efb4, 0x32efd0, 0x32efec, 0x32f008,
  0x32f018, 0x32f020, 0x32f028, 0x32f030, 0x332807, 0x332813, 0x33281f, 0x33282b, 0x332837, 0x332843, 0x33284f, 0x33285b,
  0x332867, 0x332873, 0x33287f, 0x33288b, 0x332897, 0x3328a3, 0x3328af, 0x3328bb, 0x3328cb, 0x3328db, 0x3328eb, 0x3328fb,
  0x33290b, 0x33291b, 0x33292b, 0x33293b, 0x33294b, 0x33295b, 0x33296b, 0x33297b, 0x33298b, 0x33299b, 0x3329ab, 0x3329bb,
  0x3329c7, 0x3329d3, 0x3329df, 0x3329eb, 0x3329f7, 0x332a03, 0x332a0f, 0x332a1b, 0x332a27, 0x332a33, 0x332a3f, 0x332a4b,
  0x332a57, 0x332a63, 0x332a6f, 0x332a7b, 0x332aff, 0x332bbf, 0x332fcf, 0x332feb, 0x333007, 0x333023, 0x33303f, 0x33305b,
  0x333077, 0x333093, 0x3330af, 0x3330cb, 0x3330e7, 0x333103, 0x33311f, 0x33313b, 0x333157, 0x333173, 0x333183, 0x33318b,
  0x33a893, 0x33a89f, 0x33a8ab, 0x33a8b7, 0x33a8c3, 0x33a8cf, 0x33a8db, 0x33a8e7, 0x33a8f3, 0x33a8ff, 0x33a90b, 0x33a917,
  0x33a923, 0x33a92f, 0x33a93b, 0x33a947, 0x33a957, 0x33a967, 0x33a977, 0x33a987, 0x33a997, 0x33a9a7, 0x33a9b7, 0x33a9c7,
  0x33a9d7, 0x33a9e7, 0x33a9f7, 0x33aa07, 0x33aa17, 0x33aa27, 0x33aa37, 0x33aa47, 0x33ab8b, 0x33af8f, 0x33af97, 0x33af9f,
  0x33afa7, 0x33afaf, 0x33afb7, 0x33afbf, 0x33afc7, 0x33afcf, 0x33afd7, 0x33afdf, 0x33afe7, 0x33afef, 0x33aff7, 0x33afff,
  0x33b007, 0x342f97, 0x342fa3, 0x342fd3, 0x342fdf, 0x342feb, 0x342ff7, 0x34300f, 0x34315f, 0x3431ff, 0x34328b, 0x3432a7,
  0x3432c3, 0x3432df, 0x3432ef, 0x3432f7, 0x3432ff, 0x343307, 0x351b35, 0x351b41, 0x351b59, 0x351b71, 0x351dd1, 0x351ded,
  0x351e09, 0x351e25, 0x351e35, 0x351e3d, 0x351e45, 0x35786f, 0x35788f, 0x357a63, 0x357a7f, 0x357a9b, 0x357ab7, 0x357ad3,
  0x357aef, 0x357b0b, 0x357b27, 0x35967b, 0x359687, 0x359693, 0x35969f, 0x3596ab, 0x3596b7, 0x3596df, 0x359707, 0x35972f,
  0x359757, 0x35977f, 0x3597a7, 0x3597cf, 0x3597f7, 0x35981f, 0x359847, 0x35986f, 0x359897, 0x3598bf, 0x3598e7, 0x35990f,
  0x3599df, 0x359a6b, 0x359aa3, 0x359b2f, 0x359bb3, 0x359bcf, 0x359beb, 0x359c07, 0x359c23, 0x359c3f, 0x359ccb, 0x359ce7,
  0x359d03, 0x359d1f, 0x359d3b, 0x359d57, 0x359d73, 0x359d8f, 0x359dab, 0x359dd7, 0x359ddf, 0x359de7, 0x359def, 0x359df7,
  0x36afe8, 0x36aff4, 0x36b000, 0x36b00c, 0x36b018, 0x36b024, 0x36b030, 0x36b03c, 0x36b048, 0x36b054, 0x36b060, 0x36b06c,
  0x36b078, 0x36b084, 0x36b090, 0x36b09c, 0x36b0b4, 0x36b0cc, 0x36b0e4, 0x36b0fc, 0x36b114, 0x36b12c, 0x36b144, 0x36b15c,
  0x36b174, 0x36b18c, 0x36b1a4, 0x36b1bc, 0x36b1d4, 0x36b1ec, 0x36b204, 0x36b21c, 0x36b360, 0x36bae4, 0x36baec, 0x36baf4,
  0x36bafc, 0x36bb04, 0x36bb0c, 0x36bb14, 0x36bb1c, 0x36bb24, 0x36bb2c, 0x387431, 0x38743d, 0x387449, 0x387455, 0x387461,
  0x38746d, 0x387479, 0x387485, 0x387491, 0x38749d, 0x3874a9, 0x3874b5, 0x3874c1, 0x3874cd, 0x3874d9, 0x3874e5, 0x3874f5,
  0x387505, 0x387515, 0x387525, 0x387535, 0x387545, 0x387555, 0x387565, 0x387575, 0x387585, 0x387595, 0x3875a5, 0x3875b5,
  0x3875c5, 0x3875d5, 0x3875e5, 0x3875f1, 0x3875fd, 0x387609, 0x387615, 0x387621, 0x38762d, 0x387639, 0x387645, 0x387651,
  0x38765d, 0x387669, 0x387675, 0x387681, 0x38768d, 0x387699, 0x3876a5, 0x387769, 0x3877e9, 0x387bf9, 0x387c15, 0x387c31,
  0x387c4d, 0x387c69, 0x387c85, 0x387ca1, 0x387cbd, 0x387cd9, 0x387cf5, 0x387d11, 0x387d2d, 0x387d49, 0x387d65, 0x387d81,
  0x387d9d, 0x387dad, 0x38c12c, 0x38c138, 0x38c144, 0x38c150, 0x38c15c, 0x38c168, 0x38c174, 0x38c180, 0x38c18c, 0x38c198,
  0x38c1a4, 0x38c1b0, 0x38c1bc, 0x38c1c8, 0x38c1d4, 0x38c1e0, 0x38c200, 0x38c220, 0x38c240, 0x38c260, 0x38c280, 0x38c2a0,
  0x38c2c0, 0x38c2e0, 0x38c300, 0x38c320, 0x38c340, 0x38c360, 0x38c380, 0x38c3a0, 0x38c3c0, 0x38c3e0, 0x38c3f8, 0x38c410,
  0x38c428, 0x38c440, 0x38c458, 0x38c470, 0x38c488, 0x38c4a0, 0x38c4b8, 0x38c4d0, 0x38c4e8, 0x38c500, 0x38c518, 0x38c530,
  0x38c548, 0x38c560, 0x38d058, 0x38d060, 0x38d068, 0x38d070, 0x38d078, 0x38d080, 0x38d088, 0x38d090, 0x38d098, 0x38d0a0,
  0x38d0a8, 0x38d0b0, 0x38d0b8, 0x38d0c0, 0x38d0c8, 0x38d0d0, 0x38d0d8, 0x38d0e0, 0x38d0e8, 0x38d0f0, 0x38d0f8, 0x38d100,
  0x38d108, 0x38d110, 0x38d118, 0x38d120, 0x38d128, 0x38d130, 0x38d138, 0x38d140, 0x38d148, 0x38d150, 0x38d158, 0x38d160,
  0x38d168, 0x38d170, 0x38d178, 0x38d180, 0x38d188, 0x38d190, 0x38d198, 0x38d1a0, 0x38d1a8, 0x38d1b0, 0x38d1b8, 0x38d1c0,
  0x38d1c8, 0x38d1d0, 0x38d1d8, 0x38d1e0, 0x38d1e8, 0x38d1f0, 0x38d1f8, 0x38d200, 0x38d208, 0x38d210, 0x38d218, 0x38de4c,
  0x38de50, 0x38de70, 0x38de74, 0x38de94, 0x38de98, 0x38dedc, 0x38dee0, 0x38df00, 0x38df04, 0x391b20, 0x391b50, 0x391b5c,
  0x391b68, 0x391b74, 0x391bc8, 0x391bd4, 0x391d24, 0x391e18, 0x391e34, 0x391e50, 0x391e6c, 0x391e88, 0x391ea4, 0x391ec0,
  0x391eec, 0x391ef4, 0x391efc, 0x391f04, 0x391f0c, 0x3a025f, 0x3a026b, 0x3a0277, 0x3a0283, 0x3a028f, 0x3a029b, 0x3a02b3,
  0x3a0403, 0x3a04f7, 0x3a052f, 0x3a054b, 0x3a0567, 0x3a0583, 0x3a0593, 0x3a059b, 0x3a05a3, 0x3a05ab, 0x3a05b3, 0x3abc83,
  0x3abc8f, 0x3abc9b, 0x3abca7, 0x3abcb3, 0x3abcbf, 0x3abccb, 0x3abcd7, 0x3abce3, 0x3abcef, 0x3abcfb, 0x3abd07, 0x3abd13,
  0x3abd1f, 0x3abd2b, 0x3abd37, 0x3abd57, 0x3abd77, 0x3abd97, 0x3abdb7, 0x3abdd7, 0x3abdf7, 0x3abe17, 0x3abe37, 0x3abe57,
  0x3abe77, 0x3abe97, 0x3abeb7, 0x3abed7, 0x3abef7, 0x3abf17, 0x3abf37, 0x3abf57, 0x3abf77, 0x3abf97, 0x3abfb7, 0x3abfd7,
  0x3abff7, 0x3ac017, 0x3ac037, 0x3ac057, 0x3ac077, 0x3ac097, 0x3ac0b7, 0x3ac0d7, 0x3ac0f7, 0x3ac117, 0x3ac137, 0x3acc67,
  0x3acc6f, 0x3acc77, 0x3acc7f, 0x3acc87, 0x3acc8f, 0x3acc97, 0x3acc9f, 0x3acca7, 0x3accaf, 0x3accb7, 0x3accbf, 0x3accc7,
  0x3acccf, 0x3accd7, 0x3accdf, 0x3acce7, 0x3accef, 0x3accf7, 0x3accff, 0x3acd07, 0x3acd0f, 0x3acd17, 0x3acd1f, 0x3acd27,
  0x3acd2f, 0x3acd37, 0x3acd3f, 0x3acd47, 0x3acd4f, 0x3acd57, 0x3acd5f, 0x3acd67, 0x3acd6f, 0x3acd77, 0x3acd7f, 0x3acd87,
  0x3acd8f, 0x3acd97, 0x3acd9f, 0x3acda7, 0x3acdaf, 0x3acdb7, 0x3acdbf, 0x3acdc7, 0x3acdcf, 0x3acdd7, 0x3acddf, 0x3acde7,
  0x3acdef, 0x3acdf7, 0x3acdff, 0x3ace07, 0x3ace0f, 0x3ace17, 0x3ace1f, 0x3ace27, 0x3ace2f, 0x3ace37, 0x3ace3f, 0x3ace47,
  0x3ace4f, 0x3ace57, 0x3ace5f, 0x3ace67, 0x3ace6f, 0x3ace77, 0x3ad673, 0x3ad677, 0x3ad703, 0x3ad707, 0x3ad793, 0x3ad797,
  0x3ad7ff, 0x3ad803, 0x3ad823, 0x3ad827, 0x3ad88f, 0x3ad893, 0x3ad8b3, 0x3ad8b7, 0x3ad8fb, 0x3ad8ff, 0x3ad91f, 0x3ad923,
  0x3ad98b, 0x3ad98f, 0x3ad9af, 0x3ad9b3, 0x3ada1b, 0x3ada1f, 0x3ada3f, 0x3ada43, 0x3b09b0, 0x3b09bc, 0x3b09c8, 0x3b09d4,
  0x3b09e0, 0x3b09ec, 0x3b09f8, 0x3b0a04, 0x3b0a10, 0x3b0a1c, 0x3b0a28, 0x3b0a34, 0x3b0a40, 0x3b0a4c, 0x3b0a58, 0x3b0a64,
  0x3b0a84, 0x3b0aa4, 0x3b0ac4, 0x3b0ae4, 0x3b0b04, 0x3b0b24, 0x3b0b44, 0x3b0b64, 0x3b0b84, 0x3b0ba4, 0x3b0bc4, 0x3b0be4,
  0x3b0c04, 0x3b0c24, 0x3b0c44, 0x3b0c64, 0x3b0c80, 0x3b0c9c, 0x3b0cb8, 0x3b0cd4, 0x3b0cf0, 0x3b0d0c, 0x3b0d28, 0x3b0d44,
  0x3b0d60, 0x3b0d7c, 0x3b0d98, 0x3b0db4, 0x3b0dd0, 0x3b0dec, 0x3b0e08, 0x3b0e24, 0x3b183c, 0x3b1844, 0x3b184c, 0x3b1854,
  0x3b185c, 0x3b1864, 0x3b186c, 0x3b1874, 0x3b187c, 0x3b1884, 0x3b188c, 0x3b1894, 0x3b189c, 0x3b18a4, 0x3b18ac, 0x3b18b4,
  0x3b18bc, 0x3b18c4, 0x3b18cc, 0x3b18d4, 0x3b18dc, 0x3b18e4, 0x3b18ec, 0x3b18f4, 0x3b18fc, 0x3b1904, 0x3b190c, 0x3b1914,
  0x3b191c, 0x3b1924, 0x3b192c, 0x3b1934, 0x3b193c, 0x3b1944, 0x3b194c, 0x3b1954, 0x3b195c, 0x3b1964, 0x3b196c, 0x3b1974,
  0x3b197c, 0x3b1984, 0x3b198c, 0x3b1994, 0x3b199c, 0x3b19a4, 0x3b19ac, 0x3b19b4, 0x3b19bc, 0x3b19c4, 0x3b19cc, 0x3b19d4,
  0x3b19dc, 0x3b19e4, 0x3b19ec, 0x3b19f4, 0x3b19fc, 0x3b21f8, 0x3b21fc, 0x3b221c, 0x3b2220, 0x3b2240, 0x3b2244, 0x3b5416,
  0x3b5422, 0x3b542e, 0x3b543a, 0x3b5446, 0x3b5452, 0x3b545e, 0x3b546a, 0x3b5476, 0x3b5482, 0x3b548e, 0x3b549a, 0x3b54a6,
  0x3b54b2, 0x3b54be, 0x3b54ca, 0x3b54ea, 0x3b550a, 0x3b552a, 0x3b554a, 0x3b556a, 0x3b558a, 0x3b55aa, 0x3b55ca, 0x3b55ea,
  0x3b560a, 0x3b562a, 0x3b564a, 0x3b566a, 0x3b568a, 0x3b56aa, 0x3b56ca, 0x3b56e6, 0x3b5702, 0x3b571e, 0x3b573a, 0x3b5756,
  0x3b5772, 0x3b578e, 0x3b57aa, 0x3b57c6, 0x3b57e2, 0x3b57fe, 0x3b581a, 0x3b5836, 0x3b5852, 0x3b586e, 0x3b588a, 0x3b589a,
  0x3b58aa, 0x3b58ba, 0x3b58ca, 0x3b58da, 0x3b58ea, 0x3b58fa, 0x3b590a, 0x3b591a, 0x3b592a, 0x3b593a, 0x3b594a, 0x3b595a,
  0x3b596a, 0x3b597a, 0x3b598a, 0x3b59ce, 0x3b63ae, 0x3b63ca, 0x3b63e6, 0x3b6402, 0x3b641e, 0x3b643a, 0x3b6456, 0x3b6472,
  0x3b648e, 0x3b64aa, 0x3b64c6, 0x3b64e2, 0x3b64fe, 0x3b651a, 0x3b6536, 0x3b6552, 0x3b656e, 0x3b658a, 0x3b65a6, 0x3b65c2,
  0x3b65de, 0x3b65fa, 0x3b6616, 0x3b6632, 0x3b664e, 0x3b666a, 0x3b6686, 0x3b66a2, 0x3b66be, 0x3b66da, 0x3b66f6, 0x3b6712,
  0x3b6722, 0x3b672a, 0x3b6732, 0x3b673a, 0x3b6742, 0x3b674a, 0x3b6752, 0x3b675a, 0x3b6762, 0x3b676a, 0x3b6772, 0x3b677a,
  0x3b6782, 0x3b678a, 0x3b6792, 0x3b679a, 0x3b67a2, 0x3b67aa, 0x3b67b2, 0x3b67ba, 0x3b67c2, 0x3b67ca, 0x3b67d2, 0x3b67da,
  0x3b67e2, 0x3b67ea, 0x3b67f2, 0x3b67fa, 0x3b6802, 0x3b680a, 0x3b6812, 0x3b681a, 0x3b6822, 0x3b682a, 0x3b6832, 0x3b683a,
  0x3b6842, 0x3b684a, 0x3b6852, 0x3b685a, 0x3b6862, 0x3b686a, 0x3b6872, 0x3b687a, 0x3b6882, 0x3b688a, 0x3b6892, 0x3b689a,
  0x3b68a2, 0x3b68aa, 0x3b68b2, 0x3b68ba, 0x3b68c2, 0x3b68ca, 0x3b68d2, 0x3b68da, 0x3b68e2, 0x3b6fbe, 0x3b6fc2, 0x3b7126,
  0x3b712a, 0x3b714a, 0x3b714e, 0x3ba8e8, 0x3ba8f4, 0x3ba900, 0x3ba90c, 0x3ba918, 0x3ba924, 0x3ba930, 0x3ba93c, 0x3ba948,
  0x3ba954, 0x3ba960, 0x3ba96c, 0x3ba978, 0x3ba984, 0x3ba990, 0x3ba99c, 0x3ba9a8, 0x3ba9b4, 0x3ba9c0, 0x3ba9cc, 0x3ba9d8,
  0x3ba9f0, 0x3baa08, 0x3baa20, 0x3baa38, 0x3baa50, 0x3baa68, 0x3baa80, 0x3baa98, 0x3baab0, 0x3baac8, 0x3baae0, 0x3baaf8,
  0x3bab10, 0x3bab28, 0x3bab40, 0x3bab58, 0x3bac1c, 0x3baca8, 0x3bad48, 0x3bad9c, 0x3badb8, 0x3badd4, 0x3badf0, 0x3bae0c,
  0x3bae28, 0x3bae44, 0x3bae60, 0x3bae7c, 0x3bae98, 0x3baeb4, 0x3baed0, 0x3baeec, 0x3baf08, 0x3baf24, 0x3baf40, 0x3baf5c,
  0x3baf78, 0x3baf94, 0x3bafb0, 0x3bafcc, 0x3bafe8, 0x3bb004, 0x3bb020, 0x3bb03c, 0x3bb058, 0x3bb074, 0x3bb090, 0x3bb0ac,
  0x3bb0c8, 0x3bb0e4, 0x3bb100, 0x3bb11c, 0x3bb138, 0x3bb154, 0x3bb170, 0x3bb18c, 0x3bb1a8, 0x3bb1c4, 0x3bb1e0, 0x3bb1fc,
  0x3bb218, 0x3bb234, 0x3bb250, 0x3bb26c, 0x3bb288, 0x3bb2a4, 0x3bb2c0, 0x3bb2dc, 0x3bb2f8, 0x3bb314, 0x3bb330, 0x3bb34c,
  0x3bb368, 0x3bb384, 0x3bb3a0, 0x3bb3bc, 0x3bb3d8, 0x3bb3f4, 0x3bb410, 0x3bb42c, 0x3bb448, 0x3bb464, 0x3bb480, 0x3bb490,
  0x3bb498, 0x3bb4a0, 0x3cc6f1, 0x3cc6fd, 0x3cc709, 0x3cc715, 0x3cc721, 0x3cc72d, 0x3cc739, 0x3cc745, 0x3cc751, 0x3cc75d,
  0x3cc769, 0x3cc775, 0x3cc781, 0x3cc78d, 0x3cc799, 0x3cc7a5, 0x3cc7c5, 0x3cc7e5, 0x3cc805, 0x3cc825, 0x3cc845, 0x3cc865,
  0x3cc885, 0x3cc8a5, 0x3cc8c5, 0x3cc8e5, 0x3cc905, 0x3cc925, 0x3cc945, 0x3cc965, 0x3cc985, 0x3cc9a5, 0x3cc9bd, 0x3cc9d5,
  0x3cc9ed, 0x3cca05, 0x3cca1d, 0x3cca35, 0x3cca4d, 0x3cca65, 0x3cca7d, 0x3cca95, 0x3ccaad, 0x3ccac5, 0x3ccadd, 0x3ccaf5,
  0x3ccb0d, 0x3ccb25, 0x3cd61d, 0x3cd625, 0x3cd62d, 0x3cd635, 0x3cd63d, 0x3cd645, 0x3cd64d, 0x3cd655, 0x3cd65d, 0x3cd665,
  0x3cd66d, 0x3cd675, 0x3cd67d, 0x3cd685, 0x3cd68d, 0x3cd695, 0x3cd69d, 0x3cd6a5, 0x3cd6ad, 0x3cd6b5, 0x3cd6bd, 0x3cd6c5,
  0x3cd6cd, 0x3cd6d5, 0x3cd6dd, 0x3cd6e5, 0x3cd6ed, 0x3cd6f5, 0x3cd6fd, 0x3cd705, 0x3cd70d, 0x3cd715, 0x3cd71d, 0x3cd725,
  0x3cd72d, 0x3cd735, 0x3cd73d, 0x3cd745, 0x3cd74d, 0x3cd755, 0x3cd75d, 0x3cd765, 0x3cd76d, 0x3cd775, 0x3cd77d, 0x3cd785,
  0x3cd78d, 0x3cd795, 0x3cd79d, 0x3cd7a5, 0x3cd7ad, 0x3cd7b5, 0x3cd7bd, 0x3cd7c5, 0x3cd7cd, 0x3cd7d5, 0x3cd7dd, 0x3cd7e5,
  0x3cd7ed, 0x3cd7f5, 0x3cd7fd, 0x3cd805, 0x3cd80d, 0x3cd815, 0x3cd81d, 0x3cd825, 0x3cd82d, 0x3cd835, 0x3cd83d, 0x3cdfed,
  0x3cdff1, 0x3ce011, 0x3ce015, 0x3ce035, 0x3ce039, 0x3d1375, 0x3d1381, 0x3d138d, 0x3d1399, 0x3d13a5, 0x3d13b1, 0x3d13bd,
  0x3d13c9, 0x3d13d5, 0x3d13e1, 0x3d13ed, 0x3d13f9, 0x3d1405, 0x3d1411, 0x3d141d, 0x3d1429, 0x3d1449, 0x3d1469, 0x3d1489,
  0x3d14a9, 0x3d14c9, 0x3d14e9, 0x3d1509, 0x3d1529, 0x3d1549, 0x3d1569, 0x3d1589, 0x3d15a9, 0x3d15c9, 0x3d15e9, 0x3d1609,
  0x3d1629, 0x3d1649, 0x3d1669, 0x3d1689, 0x3d16a9, 0x3d16c9, 0x3d16e9, 0x3d1709, 0x3d1729, 0x3d1749, 0x3d1769, 0x3d1789,
  0x3d17a9, 0x3d17c9, 0x3d17e9, 0x3d1809, 0x3d1829, 0x3d1851, 0x3d1879, 0x3d18a1, 0x3d18c9, 0x3d18f1, 0x3d1919, 0x3d1941,
  0x3d1969, 0x3d1991, 0x3d19b9, 0x3d19e1, 0x3d1a09, 0x3d1a31, 0x3d1a59, 0x3d1a81, 0x3d1aa9, 0x3d1aed, 0x3d25c9, 0x3d25e5,
  0x3d2601, 0x3d261d, 0x3d2639, 0x3d2655, 0x3d2665, 0x3d266d, 0x3d2675, 0x3d267d, 0x3d2685, 0x3d268d, 0x3d2695, 0x3d269d,
  0x3d26a5, 0x3d26ad, 0x3d26b5, 0x3d26bd, 0x3d26c5, 0x3d26cd, 0x3d26d5, 0x3d26dd, 0x3d26e5, 0x3d26ed, 0x3d26f5, 0x3d26fd,
  0x3d2705, 0x3d270d, 0x3d2715, 0x3d271d, 0x3d2725, 0x3d272d, 0x3d2735, 0x3d273d, 0x3d2745, 0x3d274d, 0x3d2755, 0x3d275d,
  0x3d2765, 0x3d276d, 0x3d2775, 0x3d277d, 0x3d2785, 0x3d278d, 0x3d2795, 0x3d279d, 0x3d27a5, 0x3d27ad, 0x3d27b5, 0x3d27bd,
  0x3d27c5, 0x3d27cd, 0x3d27d5, 0x3d27dd, 0x3d27e5, 0x3d27ed, 0x3d27f5, 0x3d27fd, 0x3d2805, 0x3d280d, 0x3d2815, 0x3d281d,
  0x3d2825, 0x3d282d, 0x3d2835, 0x3d283d, 0x3d2845, 0x3d284d, 0x3d600e, 0x3d601a, 0x3d6026, 0x3d6032, 0x3d603e, 0x3d604a,
  0x3d6056, 0x3d6062, 0x3d606e, 0x3d607a, 0x3d6086, 0x3d6092, 0x3d609e, 0x3d60aa, 0x3d60b6, 0x3d60c2, 0x3d60ea, 0x3d6112,
  0x3d613a, 0x3d6162, 0x3d618a, 0x3d61b2, 0x3d61da, 0x3d6202, 0x3d622a, 0x3d6252, 0x3d627a, 0x3d62a2, 0x3d62ca, 0x3d62f2,
  0x3d631a, 0x3d6342, 0x3d635a, 0x3d6372, 0x3d638a, 0x3d63a2, 0x3d63ba, 0x3d63d2, 0x3d63ea, 0x3d6402, 0x3d641a, 0x3d6432,
  0x3d644a, 0x3d6462, 0x3d647a, 0x3d6492, 0x3d64aa, 0x3d64c2, 0x3d7b8a, 0x3d7b92, 0x3d7b9a, 0x3d7ba2, 0x3d7baa, 0x3d7bb2,
  0x3d7bba, 0x3d7bc2, 0x3d7bca, 0x3d7bd2, 0x3d7bda, 0x3d7be2, 0x3d7bea, 0x3d7bf2, 0x3d7bfa, 0x3d7c02, 0x3d7c0a, 0x3d7c12,
  0x3d7c1a, 0x3d7c22, 0x3d7c2a, 0x3d7c32, 0x3d7c3a, 0x3d7c42, 0x3d7c4a, 0x3d7c52, 0x3d7c5a, 0x3d7c62, 0x3d7c6a, 0x3d7c72,
  0x3d7c7a, 0x3d7c82, 0x3d7c8a, 0x3d7c92, 0x3d7c9a, 0x3d7ca2, 0x3d7caa, 0x3d7cb2, 0x3d7cba, 0x3d7cc2, 0x3d7cca, 0x3d7cd2,
  0x3d7cda, 0x3d7ce2, 0x3d7cea, 0x3d7cf2, 0x3d7cfa, 0x3d7d02, 0x3d7d0a, 0x3d7d12, 0x3d7d1a, 0x3d7d22, 0x3d7d2a, 0x3d7d32,
  0x3d7d3a, 0x3d7d42, 0x3d7d4a, 0x3d7d52, 0x3d7d5a, 0x3d7d62, 0x3d7d6a, 0x3d7d72, 0x3d7d7a, 0x3d7d82, 0x3d7d8a, 0x3d7d92,
  0x3d7d9a, 0x3d7da2, 0x3d7daa, 0x3d7db2, 0x3d7dba, 0x3d7dc2, 0x3d7dca, 0x3d7dd2, 0x3d7dda, 0x3d7de2, 0x3d7dea, 0x3d7df2,
  0x3d7dfa, 0x3d7e02, 0x3d7e0a, 0x3d7e12, 0x3d7e1a, 0x3d7e22, 0x3d7e2a, 0x3d7e32, 0x3d7e3a, 0x3d7e42, 0x3d7e4a, 0x3d7e52,
  0x3d7e5a, 0x3d7e62, 0x3d7e6a, 0x3d7e72, 0x3d7e7a, 0x3d7e82, 0x3d7e8a, 0x3d7e92, 0x3d7e9a, 0x3d7ea2, 0x3d7eaa, 0x3d7eb2,
  0x3d7eba, 0x3d7ec2, 0x3d7eca, 0x3d7ed2, 0x3d7eda, 0x3d7ee2, 0x3d7eea, 0x3d7ef2, 0x3d7efa, 0x3d7f02, 0x3d7f0a, 0x3d7f12,
  0x3d7f1a, 0x3d7f22, 0x3d7f2a, 0x3d7f32, 0x3d7f3a, 0x3d7f42, 0x3d7f4a, 0x3d7f52, 0x3d7f5a, 0x3d7f62, 0x3d7f6a, 0x3d7f72,
  0x3d7f7a, 0x3d7f82, 0x3d7f8a, 0x3d7f92, 0x3d7f9a, 0x3d7fa2, 0x3d7faa, 0x3d7fb2, 0x3d7fba, 0x3d7fc2, 0x3d7fca, 0x3d7fd2,
  0x3d7fda, 0x3d7fe2, 0x3d7fea, 0x3d7ff2, 0x3d7ffa, 0x3d8002, 0x3d800a, 0x3d8012, 0x3d801a, 0x3d8022, 0x3d802a, 0x3d8032,
  0x3d803a, 0x3d8042, 0x3d804a, 0x3d8052, 0x3d805a, 0x3d8062, 0x3d806a, 0x3d8072, 0x3d807a, 0x3d8082, 0x3d808a, 0x3d8092,
  0x3d809a, 0x3d80a2, 0x3d80aa, 0x3d80b2, 0x3d80ba, 0x3d80c2, 0x3d80ca, 0x3d80d2, 0x3d80da, 0x3f0f29, 0x3f0f35, 0x3f0f41,
  0x3f0f4d, 0x3f0f59, 0x3f0f65, 0x3f0f71, 0x3f0f7d, 0x3f0f89, 0x3f0f95, 0x3f0fa1, 0x3f0fad, 0x3f0fb9, 0x3f0fc5, 0x3f0fd1,
  0x3f0fdd, 0x3f0fed, 0x3f0ffd, 0x3f100d, 0x3f101d, 0x3f102d, 0x3f103d, 0x3f104d, 0x3f105d, 0x3f106d, 0x3f107d, 0x3f108d,
  0x3f109d, 0x3f10ad, 0x3f10bd, 0x3f10cd, 0x3f10dd, 0x3f10e9, 0x3f10f9, 0x3f10fd, 0x3f1101, 0x3f1105, 0x3f1161, 0x3f11a1,
  0x3f123d, 0x3f165d, 0x3f1665, 0x3f166d, 0x3f1675, 0x3f167d, 0x3f1685, 0x3f168d, 0x3f1695, 0x3f169d, 0x3f16a5, 0x3f16ad,
  0x3f16b5, 0x3f16bd, 0x3f16c5, 0x3fd4df, 0x3fd4eb, 0x3fd4f7, 0x3fd503, 0x3fd50f, 0x3fd51b, 0x3fd527, 0x3fd533, 0x3fd53f,
  0x3fd54b, 0x3fd557, 0x3fd563, 0x3fd56f, 0x3fd57b, 0x3fd587, 0x3fd593, 0x3fd5c3, 0x3fd5f3, 0x3fd623, 0x3fd653, 0x3fd683,
  0x3fd6b3, 0x3fd6e3, 0x3fd713, 0x3fd743, 0x3fd773, 0x3fd7a3, 0x3fd7d3, 0x3fd803, 0x3fd833, 0x3fd863, 0x3fd893, 0x3fd89f,
  0x3fd8ab, 0x3fd8b7, 0x3fd8c3, 0x3fd8cf, 0x3fd8db, 0x3fd8e7, 0x3fd8f3, 0x3fd8ff, 0x3fd90b, 0x3fd917, 0x3fd923, 0x3fd92f,
  0x3fd93b, 0x3fd947, 0x3fd953, 0x3fd96b, 0x3fd983, 0x3fd99b, 0x3fd9b3, 0x3fd9cb, 0x3fd9e3, 0x3fd9fb, 0x3fda13, 0x3fda2b,
  0x3fda43, 0x3fda5b, 0x3fda73, 0x3fda8b, 0x3fdaa3, 0x3fdabb, 0x3fdad3, 0x3fdb17, 0x3fdb97, 0x3fdc17, 0x3fefe7, 0x3ff003,
  0x3ff01f, 0x3ff03b, 0x3ff057, 0x3ff073, 0x3ff08f, 0x3ff0ab, 0x3ff0c7, 0x3ff0e3, 0x3ff0ff, 0x3ff11b, 0x3ff137, 0x3ff153,
  0x3ff16f, 0x3ff18b, 0x3ff1a7, 0x3ff1c3, 0x3ff1df, 0x3ff1fb, 0x3ff20b, 0x3ff213, 0x419637, 0x419643, 0x419673, 0x41967f,
  0x41968b, 0x419697, 0x4196a3, 0x4196af, 0x4196bb, 0x4196c7, 0x4196d3, 0x4196df, 0x4196eb, 0x4196f7, 0x419703, 0x41970f,
  0x41971b, 0x419727, 0x419733, 0x41973f, 0x41974b, 0x41980f, 0x41989b, 0x41993b, 0x4199ab, 0x4199c7, 0x4199e3, 0x4199ff,
  0x419a1b, 0x419a37, 0x419a53, 0x419a6f, 0x419a8b, 0x419aa7, 0x419ac3, 0x419adf, 0x419afb, 0x419b17, 0x419b33, 0x419b4f,
  0x419b5f, 0x419b67, 0x419b6f, 0x419b77, 0x419d13, 0x419d17, 0x41fa38, 0x41fa44, 0x41fa50, 0x41fa5c, 0x41fa68, 0x41fa74,
  0x41fa80, 0x41fa8c, 0x41fa98, 0x41faa4, 0x41fab0, 0x41fabc, 0x41fac8, 0x41fad4, 0x41fae0, 0x41faec, 0x41fb0c, 0x41fb2c,
  0x41fb4c, 0x41fb6c, 0x41fb8c, 0x41fbac, 0x41fbcc, 0x41fbec, 0x41fc0c, 0x41fc2c, 0x41fc4c, 0x41fc6c, 0x41fc8c, 0x41fcac,
  0x41fccc, 0x41fcec, 0x41fd08, 0x41fd24, 0x41fd40, 0x41fd5c, 0x41fd78, 0x41fd94, 0x41fdb0, 0x41fdcc, 0x41fde8, 0x41fe04,
  0x41fe20, 0x41fe3c, 0x41fe58, 0x41fe74, 0x41fe90, 0x41feac, 0x4209a4, 0x4209ac, 0x4209b4, 0x4209bc, 0x4209c4, 0x4209cc,
  0x4209d4, 0x4209dc, 0x4209e4, 0x4209ec, 0x4209f4, 0x4209fc, 0x420a04, 0x420a0c, 0x420a14, 0x420a1c, 0x420a24, 0x420a2c,
  0x420a34, 0x420a3c, 0x420a44, 0x420a4c, 0x420a54, 0x420a5c, 0x420a64, 0x420a6c, 0x420a74, 0x420a7c, 0x420a84, 0x420a8c,
  0x420a94, 0x420a9c, 0x420aa4, 0x420aac, 0x420ab4, 0x420abc, 0x420ac4, 0x420acc, 0x420ad4, 0x420adc, 0x420ae4, 0x420aec,
  0x420af4, 0x420afc, 0x420b04, 0x420b0c, 0x420b14, 0x420b1c, 0x420b24, 0x420b2c, 0x420b34, 0x420b3c, 0x420b44, 0x420b4c,
  0x420b54, 0x420b5c, 0x420b64, 0x420b6c, 0x420b74, 0x420b7c, 0x420b84, 0x420b8c, 0x42184c, 0x421850, 0x421870, 0x421874,
  0x421894, 0x421898, 0x4218b8, 0x4218bc, 0x421900, 0x421904, 0x421924, 0x421928, 0x424df9, 0x424e21, 0x424e49, 0x424ef5,
  0x424f91, 0x42503d, 0x425065, 0x42508d, 0x42509d, 0x4250b1, 0x4250bd, 0x4250c9, 0x4250d5, 0x4250e9, 0x4250fd, 0x4252d1,
  0x4252ed, 0x425309, 0x425325, 0x425341, 0x42535d, 0x425379, 0x425395, 0x4253b1, 0x4253cd, 0x4253e9, 0x425405, 0x425421,
  0x42543d, 0x425459, 0x425475, 0x425491, 0x4254ad, 0x4254c9, 0x4254e5, 0x425501, 0x42551d, 0x425539, 0x425555, 0x425571,
  0x42558d, 0x4255a9, 0x4255c5, 0x4255e1, 0x4255fd, 0x425619, 0x425635, 0x425651, 0x42566d, 0x425689, 0x4256a5, 0x4256c1,
  0x4256dd, 0x4256f9, 0x425715, 0x425731, 0x42574d, 0x425769, 0x425785, 0x4257a1, 0x4257bd, 0x4257d9, 0x4257f5, 0x425811,
  0x42582d, 0x425849, 0x425865, 0x425881, 0x42589d, 0x4258b9, 0x4258d5, 0x4258f1, 0x42590d, 0x425929, 0x425945, 0x425961,
  0x42597d, 0x425999, 0x4259b5, 0x4259d1, 0x4259ed, 0x425a09, 0x425a25, 0x425a41, 0x425a5d, 0x425a79, 0x425a95, 0x425ab1,
  0x425acd, 0x425ae9, 0x425b05, 0x425b21, 0x425b3d, 0x425b59, 0x425b75, 0x425b91, 0x425bad, 0x425bc9, 0x425be5, 0x425c01,
  0x425c1d, 0x425c39, 0x425c55, 0x425c71, 0x425c8d, 0x425ca9, 0x425cc5, 0x425ce1, 0x425cfd, 0x425d19, 0x425d35, 0x425d51,
  0x425d6d, 0x425d89, 0x425da5, 0x425dc1, 0x425ddd, 0x425df9, 0x425e15, 0x425e31, 0x425e4d, 0x425e69, 0x425e85, 0x425ea1,
  0x425ebd, 0x425ed9, 0x425ef5, 0x425f11, 0x425f2d, 0x425f49, 0x425f65, 0x425f81, 0x425f9d, 0x425fb9, 0x425fd5, 0x425ff1,
  0x42600d, 0x426029, 0x426045, 0x426061, 0x42607d, 0x426099, 0x4260b5, 0x4260d1, 0x4260ed, 0x426109, 0x426125, 0x426141,
  0x42615d, 0x426179, 0x426195, 0x4261b1, 0x4261cd, 0x4261e9, 0x426205, 0x426221, 0x42623d, 0x426259, 0x426275, 0x426291,
  0x4262ad, 0x4262c9, 0x4262e5, 0x426301, 0x42631d, 0x426339, 0x426355, 0x426371, 0x42638d, 0x4263a9, 0x4263c5, 0x4263e1,
  0x4263fd, 0x426419, 0x426435, 0x426451, 0x42646d, 0x426489, 0x4264a5, 0x4264c1, 0x4264dd, 0x4264f9, 0x426515, 0x42829c,
  0x4282a8, 0x4282b4, 0x4282c0, 0x4282cc, 0x4282d8, 0x4282e4, 0x4282f0, 0x4282fc, 0x428308, 0x428314, 0x428320, 0x42832c,
  0x428338, 0x428344, 0x428350, 0x428360, 0x428370, 0x428380, 0x428390, 0x4283a0, 0x4283b0, 0x4283c0, 0x4283d0, 0x4283e0,
  0x4283f0, 0x428400, 0x428410, 0x428420, 0x428430, 0x428440, 0x428450, 0x42845c, 0x428468, 0x428474, 0x428480, 0x42848c,
  0x428498, 0x4284a4, 0x4284b0, 0x4284bc, 0x4284c8, 0x4284d4, 0x4284e0, 0x4284ec, 0x4284f8, 0x428504, 0x428510, 0x4285d4,
  0x428654, 0x428a64, 0x428a80, 0x428a9c, 0x428ab8, 0x428ad4, 0x428af0, 0x428b0c, 0x428b28, 0x428b44, 0x428b60, 0x428b7c,
  0x428b98, 0x428bb4, 0x428bd0, 0x428bec, 0x428c08, 0x428c18, 0x428c20, 0x428c28, 0x428c30, 0x428c38, 0x428c40, 0x428c48,
  0x428c50, 0x428c58, 0x428c60, 0x428c68, 0x428c70, 0x428c78, 0x42e128, 0x42e134, 0x42e140, 0x42e14c, 0x42e158, 0x42e164,
  0x42e170, 0x42e17c, 0x42e188, 0x42e194, 0x42e1a0, 0x42e1ac, 0x42e1b8, 0x42e1c4, 0x42e1d0, 0x42e1dc, 0x42e1fc, 0x42e21c,
  0x42e23c, 0x42e25c, 0x42e27c, 0x42e29c, 0x42e2bc, 0x42e2dc, 0x42e2fc, 0x42e31c, 0x42e33c, 0x42e35c, 0x42e37c, 0x42e39c,
  0x42e3bc, 0x42e3dc, 0x42e3f4, 0x42e40c, 0x42e424, 0x42e43c, 0x42e454, 0x42e46c, 0x42e484, 0x42e49c, 0x42e4b4, 0x42e4cc,
  0x42e4e4, 0x42e4fc, 0x42e514, 0x42e52c, 0x42e544, 0x42e55c, 0x42f054, 0x42f05c, 0x42f064, 0x42f06c, 0x42f074, 0x42f07c,
  0x42f084, 0x42f08c, 0x42f094, 0x42f09c, 0x42f0a4, 0x42f0ac, 0x42f0b4, 0x42f0bc, 0x42f0c4, 0x42f0cc, 0x42f0d4, 0x42f0dc,
  0x42f0e4, 0x42f0ec, 0x42f0f4, 0x42f0fc, 0x42f104, 0x42f10c, 0x42f114, 0x42f11c, 0x42f124, 0x42f12c, 0x42f134, 0x42f13c,
  0x42f144, 0x42f14c, 0x42f154, 0x42f15c, 0x42f164, 0x42f16c, 0x42f174, 0x42f17c, 0x42f184, 0x42f18c, 0x42f194, 0x42f19c,
  0x42f1a4, 0x42f1ac, 0x42f1b4, 0x42f1bc, 0x42f1c4, 0x42f1cc, 0x42f1d4, 0x42f1dc, 0x42f1e4, 0x42f1ec, 0x42f1f4, 0x42f1fc,
  0x42f204, 0x42f20c, 0x42f214, 0x42f21c, 0x42f224, 0x42f22c, 0x42f234, 0x42f23c, 0x42f244, 0x42f24c, 0x42f254, 0x42f25c,
  0x42f264, 0x42f26c, 0x42f274, 0x42f27c, 0x42f284, 0x42fa80, 0x42fa84, 0x42faa4, 0x42faa8, 0x42fac8, 0x42facc, 0x432a82,
  0x432a8e, 0x432a9a, 0x432aa6, 0x432ab2, 0x432abe, 0x432aca, 0x432ad6, 0x432ae2, 0x432aee, 0x432afa, 0x432b06, 0x432b12,
  0x432b1e, 0x432b2a, 0x432b36, 0x432b7a, 0x432d0a, 0x432d26, 0x432d42, 0x432d5e, 0x432d7a, 0x432d96, 0x432db2, 0x432dce,
  0x432dea, 0x432e06, 0x432e22, 0x432e3e, 0x432e5a, 0x432e76, 0x432e92, 0x432eae, 0x433397, 0x4333a3, 0x4333af, 0x4333bb,
  0x4333c7, 0x4333d3, 0x4333df, 0x4333eb, 0x4333f7, 0x433403, 0x43340f, 0x43341b, 0x433427, 0x433433, 0x43343f, 0x43344b,
  0x43345b, 0x43346b, 0x43347b, 0x43348b, 0x43349b, 0x4334ab, 0x4334bb, 0x4334cb, 0x4334db, 0x4334eb, 0x4334fb, 0x43350b,
  0x43351b, 0x43352b, 0x43353b, 0x43354b, 0x43368f, 0x433a93, 0x433a9b, 0x433aa3, 0x433aab, 0x433ab3, 0x433abb, 0x433ac3,
  0x433acb, 0x433ad3, 0x433adb, 0x433ae3, 0x433aeb, 0x433af3, 0x433afb, 0x433b03, 0x433b0b, 0x433b13, 0x433b1b, 0x433b23,
  0x433b2b, 0x433b33, 0x433b3b, 0x433b43, 0x433b4b, 0x433b53, 0x433b5b, 0x433b63, 0x433b6b, 0x433b73, 0x433b7b, 0x433b83,
  0x43b7a0, 0x43b7d0, 0x43b7dc, 0x43b7e8, 0x43b7f4, 0x43b800, 0x43b818, 0x43b968, 0x43ba5c, 0x43ba94, 0x43bab0, 0x43bacc,
  0x43bae8, 0x43baf8, 0x43bb00, 0x43bb08, 0x43bb10, 0x43bb18, 0x43bc08, 0x43bc0c, 0x43bc5c, 0x43bc60, 0x43bcb0, 0x43bcb4,
  0x449162, 0x44916e, 0x44917a, 0x4491a2, 0x4491c2, 0x449422, 0x44943e, 0x44945a, 0x449476, 0x449486, 0x44948e, 0x44f2dc,
  0x44f2e8, 0x44f2f4, 0x44f300, 0x44f30c, 0x44f318, 0x44f324, 0x44f330, 0x44f33c, 0x44f348, 0x44f354, 0x44f360, 0x44f36c,
  0x44f378, 0x44f384, 0x44f390, 0x44f3b0, 0x44f3d0, 0x44f3f0, 0x44f410, 0x44f430, 0x44f450, 0x44f470, 0x44f490, 0x44f4b0,
  0x44f4d0, 0x44f4f0, 0x44f510, 0x44f530, 0x44f550, 0x44f570, 0x44f590, 0x44f5a8, 0x44f5c0, 0x44f5d8, 0x44f5f0, 0x44f608,
  0x44f620, 0x44f638, 0x44f650, 0x44f668, 0x44f680, 0x44f698, 0x44f6b0, 0x44f6c8, 0x44f6e0, 0x44f6f8, 0x44f710, 0x450240,
  0x450248, 0x450250, 0x450258, 0x450260, 0x450268, 0x450270, 0x450278, 0x450280, 0x450288, 0x450290, 0x450298, 0x4502a0,
  0x4502a8, 0x4502b0, 0x4502b8, 0x4502c0, 0x4502c8, 0x4502d0, 0x4502d8, 0x4502e0, 0x4502e8, 0x4502f0, 0x4502f8, 0x450300,
  0x450308, 0x450310, 0x450318, 0x450320, 0x450328, 0x450330, 0x450338, 0x450340, 0x450348, 0x450350, 0x450358, 0x450360,
  0x450368, 0x450370, 0x450378, 0x450380, 0x450388, 0x450390, 0x450398, 0x4503a0, 0x4503a8, 0x4503b0, 0x4503b8, 0x4503c0,
  0x4503c8, 0x4503d0, 0x4503d8, 0x4503e0, 0x4503e8, 0x4503f0, 0x4503f8, 0x450400, 0x450408, 0x450410, 0x450418, 0x450420,
  0x450428, 0x450430, 0x4510a8, 0x4510ac, 0x4510cc, 0x4510d0, 0x4510f0, 0x4510f4, 0x451114, 0x451118, 0x451138, 0x45113c,
  0x45115c, 0x451160, 0x451180, 0x451184, 0x45462e, 0x45463a, 0x454646, 0x454652, 0x45465e, 0x45466a, 0x454676, 0x454682,
  0x45468e, 0x45469a, 0x4546a6, 0x4546b2, 0x4546be, 0x4546ca, 0x4546d6, 0x4546e2, 0x4546f2, 0x454702, 0x454712, 0x454722,
  0x454732, 0x454742, 0x454752, 0x454762, 0x454772, 0x454782, 0x454792, 0x4547a2, 0x4547b2, 0x4547c2, 0x4547d2, 0x4547e2,
  0x4547ee, 0x4547fa, 0x454806, 0x454812, 0x45481e, 0x45482a, 0x454836, 0x454842, 0x45484e, 0x45485a, 0x454866, 0x454872,
  0x45487e, 0x45488a, 0x454896, 0x4548a2, 0x4548ae, 0x4548ba, 0x4548c6, 0x4548d2, 0x4548de, 0x4548ea, 0x4548f6, 0x454902,
  0x45490e, 0x45491a, 0x454926, 0x454932, 0x45493e, 0x45494a, 0x454956, 0x454962, 0x4549a6, 0x454a26, 0x454aa6, 0x454eb6,
  0x454ed2, 0x454eee, 0x454f0a, 0x454f26, 0x454f42, 0x454f5e, 0x454f7a, 0x454f96, 0x454fb2, 0x454fce, 0x454fea, 0x455006,
  0x455022, 0x45503e, 0x45505a, 0x455076, 0x455086, 0x45508e, 0x455096, 0x45509e, 0x4550a6, 0x4550ae, 0x4550b6, 0x4550be,
  0x4550c6, 0x4550ce, 0x4550d6, 0x4550de, 0x4550e6, 0x4550ee, 0x4550f6, 0x4550fe, 0x455106, 0x45510e, 0x455116, 0x45511e,
  0x455126, 0x45512e, 0x455136, 0x45513e, 0x455146, 0x45514e, 0x455156, 0x45515e, 0x455166, 0x45516e, 0x455176, 0x45517e,
  0x45d263, 0x45d26f, 0x45d27b, 0x45d287, 0x45d293, 0x45d29f, 0x45d2ab, 0x45d2b7, 0x45d2c3, 0x45d2cf, 0x45d2db, 0x45d2e7,
  0x45d2f3, 0x45d2ff, 0x45d30b, 0x45d317, 0x45d337, 0x45d357, 0x45d377, 0x45d397, 0x45d3b7, 0x45d3d7, 0x45d3f7, 0x45d417,
  0x45d437, 0x45d457, 0x45d477, 0x45d497, 0x45d4b7, 0x45d4d7, 0x45d4f7, 0x45d517, 0x45d65b, 0x45dc8f, 0x45dc97, 0x45dc9f,
  0x45dca7, 0x45dcaf, 0x45dcb7, 0x45dcbf, 0x45dcc7, 0x45dccf, 0x45dcd7, 0x45dcdf, 0x45dce7, 0x45dcef, 0x45dcf7, 0x45dcff,
  0x45dd07, 0x45dd0f, 0x45dd17, 0x45dd1f, 0x45dd27, 0x45dd2f, 0x45dd37, 0x45dd3f, 0x45dd47, 0x45dd4f, 0x45dd57, 0x45dd5f,
  0x45dd67, 0x45dd6f, 0x45dd77, 0x45dd7f, 0x45dd87, 0x45dd8f, 0x45dd97, 0x45dd9f, 0x45dda7, 0x45ddaf, 0x45ddb7, 0x45ddbf,
  0x45ddc7, 0x45ff61, 0x45ff6d, 0x45ff79, 0x45ff85, 0x45ff91, 0x45ff9d, 0x45ffa9, 0x45ffb5, 0x45ffc1, 0x45ffcd, 0x45ffd9,
  0x45ffe5, 0x45fff1, 0x45fffd, 0x460009, 0x460015, 0x460035, 0x460055, 0x460075, 0x460095, 0x4600b5, 0x4600d5, 0x4600f5,
  0x460115, 0x460135, 0x460155, 0x460175, 0x460195, 0x4601b5, 0x4601d5, 0x4601f5, 0x460215, 0x46022d, 0x460245, 0x46025d,
  0x460275, 0x46028d, 0x4602a5, 0x4602bd, 0x4602d5, 0x4602ed, 0x460305, 0x46031d, 0x460335, 0x46034d, 0x460365, 0x46037d,
  0x460395, 0x460e8d, 0x460e95, 0x460e9d, 0x460ea5, 0x460ead, 0x460eb5, 0x460ebd, 0x460ec5, 0x460ecd, 0x460ed5, 0x460edd,
  0x460ee5, 0x460eed, 0x460ef5, 0x460efd, 0x460f05, 0x460f0d, 0x460f15, 0x460f1d, 0x460f25, 0x460f2d, 0x460f35, 0x460f3d,
  0x460f45, 0x460f4d, 0x460f55, 0x460f5d, 0x460f65, 0x460f6d, 0x460f75, 0x460f7d, 0x460f85, 0x460f8d, 0x460f95, 0x460f9d,
  0x460fa5, 0x460fad, 0x460fb5, 0x460fbd, 0x460fc5, 0x460fcd, 0x460fd5, 0x460fdd, 0x460fe5, 0x4648e4, 0x4648f8, 0x46490c,
  0x464920, 0x464934, 0x464948, 0x46495c, 0x464970, 0x464984, 0x464998, 0x4649ac, 0x4649c0, 0x4649d4, 0x4649e8, 0x4649fc,
  0x464a10, 0x464a1c, 0x464a28, 0x464a34, 0x464a40, 0x464a4c, 0x464a58, 0x464a64, 0x464a70, 0x464a7c, 0x464a88, 0x464a94,
  0x464aa0, 0x464aac, 0x464ab8, 0x464ac4, 0x464ad0, 0x464b54, 0x4651e4, 0x465200, 0x46521c, 0x465238, 0x465254, 0x465270,
  0x46528c, 0x4652a8, 0x4652c4, 0x4652e0, 0x4652fc, 0x465318, 0x465334, 0x465350, 0x46536c, 0x465388, 0x465398, 0x4653a0,
  0x4653b0, 0x475b25, 0x475b31, 0x475b3d, 0x475b49, 0x475b55, 0x475b61, 0x475b6d, 0x475b79, 0x475b85, 0x475b91, 0x475b9d,
  0x475ba9, 0x475bb5, 0x475bc1, 0x475bcd, 0x475bd9, 0x475be5, 0x475bf1, 0x475bfd, 0x475c09, 0x475c15, 0x475c21, 0x475c2d,
  0x475c39, 0x475c45, 0x475c51, 0x475c5d, 0x475c69, 0x475c75, 0x475c81, 0x475c8d, 0x475c99, 0x475cd5, 0x475d59, 0x475ea9,
  0x475ec5, 0x475ee1, 0x475efd, 0x475f19, 0x475f35, 0x475f51, 0x475f6d, 0x475f89, 0x475fa5, 0x475fc1, 0x475fdd, 0x475ff9,
  0x476015, 0x476031, 0x47604d, 0x476229, 0x476245, 0x476261, 0x47627d, 0x476299, 0x4762b5, 0x4762d1, 0x4762ed, 0x4762fd,
  0x476305, 0x47630d, 0x476315, 0x47631d, 0x476325, 0x47632d, 0x476335, 0x47633d, 0x476345, 0x47634d, 0x476355, 0x47635d,
  0x476365, 0x47636d, 0x476375, 0x47d0f4, 0x47d164, 0x47d168, 0x47d180, 0x47d184, 0x47d19c, 0x47d1a0, 0x47d1b8, 0x47d1bc,
  0x47d1d4, 0x47d1d8, 0x47d1f0, 0x47d1f4, 0x47d20c, 0x47d210, 0x47d228, 0x47d22c, 0x47d244, 0x47d248, 0x47d260, 0x47d264,
  0x47d27c, 0x47d280, 0x47d298, 0x47d29c, 0x47d2b4, 0x47d2b8, 0x47d2d0, 0x47d2d4, 0x47d2ec, 0x47d2f0, 0x47d308, 0x47d30c,
  0x47d324, 0x47d328, 0x47d340, 0x47d344, 0x47d35c, 0x47d360, 0x47d378, 0x47d37c, 0x47d394, 0x47d398, 0x47d3b0, 0x47d3b4,
  0x47d3cc, 0x47d3d0, 0x47d3e8, 0x47d3ec, 0x47d404, 0x47d408, 0x47d420, 0x47d424, 0x47d43c, 0x47d440, 0x47d458, 0x47d45c,
  0x47d474, 0x47d478, 0x47d490, 0x47d494, 0x47d4ac, 0x47d4b0, 0x47d4c8, 0x47d4cc, 0x47d4e4, 0x47d4e8, 0x47d500, 0x47d504,
  0x47d51c, 0x47d520, 0x47d538, 0x47d53c, 0x47d554, 0x47d558, 0x47d570, 0x47d574, 0x47d58c, 0x47d590, 0x47d5a8, 0x47d5ac,
  0x47d5c4, 0x47d5c8, 0x47d5e0, 0x47d5e4, 0x47d5fc, 0x47d600, 0x47d618, 0x47d61c, 0x47d634, 0x47d638, 0x47d650, 0x47d654,
  0x47d66c, 0x47d670, 0x47d688, 0x47d68c, 0x47d6a4, 0x47d6a8, 0x47d6c0, 0x47d6c4, 0x47d6dc, 0x47d6e0, 0x47d6f8, 0x47d6fc,
  0x47d714, 0x47d718, 0x47d730, 0x47d734, 0x47d74c, 0x47d750, 0x47d768, 0x47d76c, 0x47d784, 0x47d788, 0x47d7a0, 0x47d7a4,
  0x47d7bc, 0x47d7c0, 0x47d7d8, 0x47d7dc, 0x47d7f4, 0x47d7f8, 0x47d810, 0x47d814, 0x47d82c, 0x47d830, 0x47d848, 0x47d84c,
  0x47d864, 0x47d868, 0x47d880, 0x47d884, 0x47d89c, 0x47d8a0, 0x47d8b8, 0x47d8bc, 0x47d8d4, 0x47d8d8, 0x47d8f0, 0x47d8f4,
  0x47d90c, 0x47d910, 0x47d928, 0x47d92c, 0x47d944, 0x47d948, 0x47d960, 0x47d964, 0x47d97c, 0x47d980, 0x47d998, 0x47d99c,
  0x47d9b4, 0x47d9b8, 0x47d9d0, 0x47d9d4, 0x47d9ec, 0x47d9f0, 0x47da08, 0x47da0c, 0x47da24, 0x47da28, 0x47da40, 0x47da44,
  0x47da5c, 0x47da60, 0x47da78, 0x47da7c, 0x47da94, 0x47da98, 0x47dab0, 0x47dab4, 0x47dacc, 0x47dad0, 0x47dae8, 0x47daec,
};

static const uint32_t mobd_x64_nulls_super[] = {
  0x62aa90, 0x62aa98, 0x62aaa0, 0x62aaac, 0x62aac0, 0x62aad4, 0x62aae0, 0x62ab08, 0x62ab14, 0x62ab40, 0x62ab4c, 0x62ab78,
  0x62ab84, 0x62aba4, 0x62abb0, 0x62abbc, 0x62abec, 0x62abf4, 0x62abfc, 0x62ac08, 0x62ac30, 0x62ac3c, 0x62ac68, 0x62ac74,
  0x62aca0, 0x62acac, 0x62acc4, 0x62accc, 0x62acd8, 0x62ace4, 0x62ad14, 0x62ad1c, 0x62ad24, 0x62ad30, 0x62ad58, 0x62ad64,
  0x62ad90, 0x62ad9c, 0x62adb4, 0x62adbc, 0x62adc8, 0x62add4, 0x62ae04, 0x62ae0c, 0x62ae14, 0x62ae20, 0x62ae48, 0x62ae54,
  0x62ae6c, 0x62ae80, 0x62ae8c, 0x62aeac, 0x62aeb8, 0x62aec4, 0x62aef4, 0x62aefc, 0x62af04, 0x62af10, 0x62af38, 0x62af44,
  0x62af70, 0x62af7c, 0x62af94, 0x62af9c, 0x62afa8, 0x62afb4, 0x62afe4, 0x62afec, 0x62aff4, 0x62b000, 0x62b028, 0x62b034,
  0x62b060, 0x62b06c, 0x62b084, 0x62b08c, 0x62b098, 0x62b0a4, 0x62b0d4, 0x62b0dc, 0x62b0e4, 0x62b0f0, 0x62b118, 0x62b124,
  0x62b150, 0x62b15c, 0x62b174, 0x62b17c, 0x62b188, 0x62b194, 0x62b1c4, 0x62b1cc, 0x62b1d4, 0x62b1e0, 0x62b208, 0x62b214,
  0x62b240, 0x62b24c, 0x62b264, 0x62b26c, 0x62b278, 0x62b284, 0x62b2b4, 0x62b2bc, 0x62b2c4, 0x62b2d0, 0x62b2e4, 0x62b2f8,
  0x62b304, 0x62b324, 0x62b330, 0x62b33c, 0x62b36c, 0x62b374, 0x62b37c, 0x62b388, 0x62b3b0, 0x62b3bc, 0x62b3d4, 0x62b3dc,
  0x62b3e8, 0x62b3f4, 0x62b424, 0x62b42c, 0x62b434, 0x62b440, 0x62b468, 0x62b474, 0x62b48c, 0x62b494, 0x62b4a0, 0x62b4ac,
  0x62b4dc, 0x62b4e4, 0x62b4ec, 0x62b4f8, 0x62b520, 0x62b52c, 0x62b558, 0x62b564, 0x62b597, 0x62b5a3, 0x62b5d6, 0x62b5e2,
  0x62b615, 0x62b621, 0x62b654, 0x62b660, 0x62b693, 0x62b69f, 0x62b6d2, 0x62b6de, 0x62b711, 0x62b71d, 0x62b750, 0x62b75c,
  0x62b78f, 0x62b79b, 0x62b7ce, 0x62b7da, 0x62b80d, 0x62b819, 0x62b84c, 0x62b858, 0x62b88b, 0x62b897, 0x62b8ca, 0x62b8d6,
  0x62b909, 0x62b915, 0x62b92d, 0x62b935, 0x62b941, 0x62b94d, 0x62b97d, 0x62b985, 0x62b98d, 0x62b999, 0x62b9ad, 0x62b9b5,
  0x62b9c1, 0x62b9cd, 0x62b9f9, 0x62ba01, 0x62ba09, 0x62ba15, 0x62ba29, 0x62ba31, 0x62ba3d, 0x62ba49, 0x62ba75, 0x62ba7d,
  0x62ba85, 0x62ba91, 0x62bab9, 0x62bac5, 0x62baf1, 0x62bafd, 0x62bb30, 0x62bb3c, 0x62bb6f, 0x62bb7b, 0x62bbae, 0x62bbba,
  0x62bbed, 0x62bbf9, 0x62bc2c, 0x62bc38, 0x62bc6b, 0x62bc77, 0x62bcaa, 0x62bcb6, 0x62bce9, 0x62bcf5, 0x62bd28, 0x62bd34,
  0x62bd67, 0x62bd73, 0x62bda6, 0x62bdb2, 0x62bde5, 0x62bdf1, 0x62be24, 0x62be30, 0x62be63, 0x62be6f, 0x62bea2, 0x62beae,
  0x62bec6, 0x62bece, 0x62beda, 0x62bee6, 0x62bf16, 0x62bf1e, 0x62bf26, 0x62bf32, 0x62bf5a, 0x62bf66, 0x62bf92, 0x62bf9e,
  0x62bfb6, 0x62bfbe, 0x62bfca, 0x62bfd6, 0x62bff2, 0x62bff6, 0x62bffa, 0x62bffe, 0x62c002, 0x62c006, 0x62c00a, 0x62c00e,
  0x62c012, 0x62c016, 0x62c01a, 0x62c01e, 0x62c022, 0x62c026, 0x62c02a, 0x62c02e, 0x62c032, 0x62c036, 0x62c03a, 0x62c03e,
  0x62c042, 0x62c046, 0x62c04a, 0x62c04e, 0x62c052, 0x62c056, 0x62c05a, 0x62c05e, 0x62c062, 0x62c066, 0x62c06a, 0x62c06e,
  0x62c072, 0x62c076, 0x62c07a, 0x62c07e, 0x62c082, 0x62c086, 0x62c08a, 0x62c08e, 0x62c092, 0x62c096, 0x62c09a, 0x62c09e,
  0x62c0a2, 0x62c0a6, 0x62c0aa, 0x62c0ae, 0x62c0b2, 0x62c0b6, 0x62c0ba, 0x62c0be, 0x62c0c2, 0x62c0c6, 0x62c0ca, 0x62c0ce,
  0x62c0d2, 0x62c0d6, 0x62c0da, 0x62c0de, 0x62c0e2, 0x62c0e6, 0x62c0ea, 0x62c0ee, 0x62c0f2, 0x62c0f6, 0x62c0fa, 0x62c0fe,
  0x62c102, 0x62c106, 0x62c10a, 0x62c10e, 0x62c112, 0x62c116, 0x62c11a, 0x62c11e, 0x62c122, 0x62c126, 0x62c12a, 0x62c12e,
  0x62c146, 0x62c14a, 0x62c14e, 0x62c152, 0x62c156, 0x62c15a, 0x62c15e, 0x62c162, 0x62c166, 0x62c16a, 0x62c16e, 0x62c172,
  0x62c176, 0x62c17a, 0x62c17e, 0x62c182, 0x62c186, 0x62c18a, 0x62c18e, 0x62c192, 0x62c196, 0x62c19a, 0x62c19e, 0x62c1a2,
  0x62c1a6, 0x62c1aa, 0x62c1ae, 0x62c1b2, 0x62c1b6, 0x62c1ba, 0x62c1be, 0x62c1c2, 0x62c1c6, 0x62c1ca, 0x62c1ce, 0x62c1d2,
  0x62c1d6, 0x62c1da, 0x62c1de, 0x62c1e2, 0x62c1e6, 0x62c1ea, 0x62c1ee, 0x62c1f2, 0x62c1f6, 0x62c1fa, 0x62c1fe, 0x62c202,
  0x62c206, 0x62c20a, 0x62c20e, 0x62c212, 0x62c216, 0x62c21a, 0x62c21e, 0x62c222, 0x62c226, 0x62c22a, 0x62c22e, 0x62c232,
  0x62c236, 0x62c23a, 0x62c23e, 0x62c242, 0x62c246, 0x62c24a, 0x62c24e, 0x62c252, 0x62c256, 0x62c25a, 0x62c25e, 0x62c262,
  0x62c266, 0x62c26a, 0x62c26e, 0x62c272, 0x62c276, 0x62c27a, 0x62c27e, 0x62c282, 0x62c29a, 0x62c29e, 0x62c2a2, 0x62c2a6,
  0x62c2aa, 0x62c2ae, 0x62c2b2, 0x62c2b6, 0x62c2ba, 0x62c2be, 0x62c2c2, 0x62c2c6, 0x62c2ca, 0x62c2ce, 0x62c2d2, 0x62c2d6,
  0x62c2da, 0x62c2de, 0x62c2e2, 0x62c2e6, 0x62c2ea, 0x62c2ee, 0x62c2f2, 0x62c2f6, 0x62c2fa, 0x62c2fe, 0x62c302, 0x62c306,
  0x62c30a, 0x62c30e, 0x62c312, 0x62c316, 0x62c31a, 0x62c31e, 0x62c322, 0x62c326, 0x62c32a, 0x62c32e, 0x62c332, 0x62c336,
  0x62c33a, 0x62c33e, 0x62c342, 0x62c346, 0x62c34a, 0x62c34e, 0x62c352, 0x62c356, 0x62c35a, 0x62c35e, 0x62c362, 0x62c366,
  0x62c36a, 0x62c36e, 0x62c372, 0x62c376, 0x62c37a, 0x62c37e, 0x62c382, 0x62c386, 0x62c38a, 0x62c38e, 0x62c392, 0x62c396,
  0x62c39a, 0x62c39e, 0x62c3a2, 0x62c3a6, 0x62c3aa, 0x62c3ae, 0x62c3b2, 0x62c3b6, 0x62c3ba, 0x62c3be, 0x62c3c2, 0x62c3c6,
  0x62c3ca, 0x62c3ce, 0x62c3d2, 0x62c3d6, 0x62c3ee, 0x62c3f2, 0x62c3f6, 0x62c3fa, 0x62c3fe, 0x62c402, 0x62c406, 0x62c40a,
  0x62c40e, 0x62c412, 0x62c416, 0x62c41a, 0x62c41e, 0x62c422, 0x62c426, 0x62c42a, 0x62c42e, 0x62c432, 0x62c436, 0x62c43a,
  0x62c43e, 0x62c442, 0x62c446, 0x62c44a, 0x62c44e, 0x62c452, 0x62c456, 0x62c45a, 0x62c45e, 0x62c462, 0x62c466, 0x62c46a,
  0x62c46e, 0x62c472, 0x62c476, 0x62c47a, 0x62c47e, 0x62c482, 0x62c486, 0x62c48a, 0x62c48e, 0x62c492, 0x62c496, 0x62c49a,
  0x62c49e, 0x62c4a2, 0x62c4a6, 0x62c4aa, 0x62c4ae, 0x62c4b2, 0x62c4b6, 0x62c4ba, 0x62c4be, 0x62c4c2, 0x62c4c6, 0x62c4ca,
  0x62c4ce, 0x62c4d2, 0x62c4d6, 0x62c4da, 0x62c4de, 0x62c4e2, 0x62c4e6, 0x62c4ea, 0x62c4ee, 0x62c4f2, 0x62c4f6, 0x62c4fa,
  0x62c4fe, 0x62c502, 0x62c506, 0x62c50a, 0x62c50e, 0x62c512, 0x62c516, 0x62c51a, 0x62c51e, 0x62c522, 0x62c526, 0x62c52a,
  0x62c542, 0x62c546, 0x62c54a, 0x62c54e, 0x62c552, 0x62c556, 0x62c55a, 0x62c55e, 0x62c562, 0x62c566, 0x62c56a, 0x62c56e,
  0x62c572, 0x62c576, 0x62c57a, 0x62c57e, 0x62c582, 0x62c586, 0x62c58a, 0x62c58e, 0x62c592, 0x62c596, 0x62c59a, 0x62c59e,
  0x62c5a2, 0x62c5a6, 0x62c5aa, 0x62c5ae, 0x62c5b2, 0x62c5b6, 0x62c5ba, 0x62c5be, 0x62c5c2, 0x62c5c6, 0x62c5ca, 0x62c5ce,
  0x62c5d2, 0x62c5d6, 0x62c5da, 0x62c5de, 0x62c5e2, 0x62c5e6, 0x62c5ea, 0x62c5ee, 0x62c5f2, 0x62c5f6, 0x62c5fa, 0x62c5fe,
  0x62c602, 0x62c606, 0x62c60a, 0x62c60e, 0x62c612, 0x62c616, 0x62c61a, 0x62c61e, 0x62c622, 0x62c626, 0x62c62a, 0x62c62e,
  0x62c632, 0x62c636, 0x62c63a, 0x62c63e, 0x62c642, 0x62c646, 0x62c64a, 0x62c64e, 0x62c652, 0x62c656, 0x62c65a, 0x62c65e,
  0x62c662, 0x62c666, 0x62c66a, 0x62c66e, 0x62c672, 0x62c676, 0x62c67a, 0x62c67e, 0x62c696, 0x62c69a, 0x62c69e, 0x62c6a2,
  0x62c6a6, 0x62c6aa, 0x62c6ae, 0x62c6b2, 0x62c6b6, 0x62c6ba, 0x62c6be, 0x62c6c2, 0x62c6c6, 0x62c6ca, 0x62c6ce, 0x62c6d2,
  0x62c6d6, 0x62c6da, 0x62c6de, 0x62c6e2, 0x62c6e6, 0x62c6ea, 0x62c6ee, 0x62c6f2, 0x62c6f6, 0x62c6fa, 0x62c6fe, 0x62c702,
  0x62c706, 0x62c70a, 0x62c70e, 0x62c712, 0x62c716, 0x62c71a, 0x62c71e, 0x62c722, 0x62c726, 0x62c72a, 0x62c72e, 0x62c732,
  0x62c736, 0x62c73a, 0x62c73e, 0x62c742, 0x62c746, 0x62c74a, 0x62c74e, 0x62c752, 0x62c756, 0x62c75a, 0x62c75e, 0x62c762,
  0x62c766, 0x62c76a, 0x62c76e, 0x62c772, 0x62c776, 0x62c77a, 0x62c77e, 0x62c782, 0x62c786, 0x62c78a, 0x62c78e, 0x62c792,
  0x62c796, 0x62c79a, 0x62c79e, 0x62c7a2, 0x62c7a6, 0x62c7aa, 0x62c7ae, 0x62c7b2, 0x62c7b6, 0x62c7ba, 0x62c7be, 0x62c7c2,
  0x62c7c6, 0x62c7ca, 0x62c7ce, 0x62c7d2, 0x62c7ea, 0x62c7ee, 0x62c7f2, 0x62c7f6, 0x62c7fa, 0x62c7fe, 0x62c802, 0x62c806,
  0x62c80a, 0x62c80e, 0x62c812, 0x62c816, 0x62c81a, 0x62c81e, 0x62c822, 0x62c826, 0x62c82a, 0x62c82e, 0x62c832, 0x62c836,
  0x62c83a, 0x62c83e, 0x62c842, 0x62c846, 0x62c84a, 0x62c84e, 0x62c852, 0x62c856, 0x62c85a, 0x62c85e, 0x62c862, 0x62c866,
  0x62c86a, 0x62c86e, 0x62c872, 0x62c876, 0x62c87a, 0x62c87e, 0x62c882, 0x62c886, 0x62c88a, 0x62c88e, 0x62c892, 0x62c896,
  0x62c89a, 0x62c89e, 0x62c8a2, 0x62c8a6, 0x62c8aa, 0x62c8ae, 0x62c8b2, 0x62c8b6, 0x62c8ba, 0x62c8be, 0x62c8c2, 0x62c8c6,
  0x62c8ca, 0x62c8ce, 0x62c8d2, 0x62c8d6, 0x62c8da, 0x62c8de, 0x62c8e2, 0x62c8e6, 0x62c8ea, 0x62c8ee, 0x62c8f2, 0x62c8f6,
  0x62c8fa, 0x62c8fe, 0x62c902, 0x62c906, 0x62c90a, 0x62c90e, 0x62c912, 0x62c916, 0x62c91a, 0x62c91e, 0x62c922, 0x62c926,
  0x62c93e, 0x62c942, 0x62c946, 0x62c94a, 0x62c94e, 0x62c952, 0x62c956, 0x62c95a, 0x62c95e, 0x62c962, 0x62c966, 0x62c96a,
  0x62c96e, 0x62c972, 0x62c976, 0x62c97a, 0x62c97e, 0x62c982, 0x62c986, 0x62c98a, 0x62c98e, 0x62c992, 0x62c996, 0x62c99a,
  0x62c99e, 0x62c9a2, 0x62c9a6, 0x62c9aa, 0x62c9ae, 0x62c9b2, 0x62c9b6, 0x62c9ba, 0x62c9be, 0x62c9c2, 0x62c9c6, 0x62c9ca,
  0x62c9ce, 0x62c9d2, 0x62c9d6, 0x62c9da, 0x62c9de, 0x62c9e2, 0x62c9e6, 0x62c9ea, 0x62c9ee, 0x62c9f2, 0x62c9f6, 0x62c9fa,
  0x62c9fe, 0x62ca02, 0x62ca06, 0x62ca0a, 0x62ca0e, 0x62ca12, 0x62ca16, 0x62ca1a, 0x62ca1e, 0x62ca22, 0x62ca26, 0x62ca2a,
  0x62ca2e, 0x62ca32, 0x62ca36, 0x62ca3a, 0x62ca3e, 0x62ca42, 0x62ca46, 0x62ca4a, 0x62ca4e, 0x62ca52, 0x62ca56, 0x62ca5a,
  0x62ca5e, 0x62ca62, 0x62ca66, 0x62ca6a, 0x62ca6e, 0x62ca72, 0x62ca76, 0x62ca7a, 0x62ca92, 0x62ca96, 0x62ca9a, 0x62ca9e,
  0x62caa2, 0x62caa6, 0x62caaa, 0x62caae, 0x62cab2, 0x62cab6, 0x62caba, 0x62cabe, 0x62cac2, 0x62cac6, 0x62caca, 0x62cace,
  0x62cad2, 0x62cad6, 0x62cada, 0x62cade, 0x62cae2, 0x62cae6, 0x62caea, 0x62caee, 0x62caf2, 0x62caf6, 0x62cafa, 0x62cafe,
  0x62cb02, 0x62cb06, 0x62cb0a, 0x62cb0e, 0x62cb12, 0x62cb16, 0x62cb1a, 0x62cb1e, 0x62cb22, 0x62cb26, 0x62cb2a, 0x62cb2e,
  0x62cb32, 0x62cb36, 0x62cb3a, 0x62cb3e, 0x62cb42, 0x62cb46, 0x62cb4a, 0x62cb4e, 0x62cb52, 0x62cb56, 0x62cb5a, 0x62cb5e,
  0x62cb62, 0x62cb66, 0x62cb6a, 0x62cb6e, 0x62cb72, 0x62cb76, 0x62cb7a, 0x62cb7e, 0x62cb82, 0x62cb86, 0x62cb8a, 0x62cb8e,
  0x62cb92, 0x62cb96, 0x62cb9a, 0x62cb9e, 0x62cba2, 0x62cba6, 0x62cbaa, 0x62cbae, 0x62cbb2, 0x62cbb6, 0x62cbba, 0x62cbbe,
  0x62cbc2, 0x62cbc6, 0x62cbca, 0x62cbce, 0x62cbe6, 0x62cbea, 0x62cbee, 0x62cbf2, 0x62cbf6, 0x62cbfa, 0x62cbfe, 0x62cc02,
  0x62cc06, 0x62cc0a, 0x62cc0e, 0x62cc12, 0x62cc16, 0x62cc1a, 0x62cc1e, 0x62cc22, 0x62cc26, 0x62cc2a, 0x62cc2e, 0x62cc32,
  0x62cc36, 0x62cc3a, 0x62cc3e, 0x62cc42, 0x62cc46, 0x62cc4a, 0x62cc4e, 0x62cc52, 0x62cc56, 0x62cc5a, 0x62cc5e, 0x62cc62,
  0x62cc66, 0x62cc6a, 0x62cc6e, 0x62cc72, 0x62cc76, 0x62cc7a, 0x62cc7e, 0x62cc82, 0x62cc86, 0x62cc8a, 0x62cc8e, 0x62cc92,
  0x62cc96, 0x62cc9a, 0x62cc9e, 0x62cca2, 0x62cca6, 0x62ccaa, 0x62ccae, 0x62ccb2, 0x62ccb6, 0x62ccba, 0x62ccbe, 0x62ccc2,
  0x62ccc6, 0x62ccca, 0x62ccce, 0x62ccd2, 0x62ccd6, 0x62ccda, 0x62ccde, 0x62cce2, 0x62cce6, 0x62ccea, 0x62ccee, 0x62ccf2,
  0x62ccf6, 0x62ccfa, 0x62ccfe, 0x62cd02, 0x62cd06, 0x62cd0a, 0x62cd0e, 0x62cd12, 0x62cd16, 0x62cd1a, 0x62cd1e, 0x62cd22,
  0x62cd3a, 0x62cd3e, 0x62cd42, 0x62cd46, 0x62cd4a, 0x62cd4e, 0x62cd52, 0x62cd56, 0x62cd5a, 0x62cd5e, 0x62cd62, 0x62cd66,
  0x62cd6a, 0x62cd6e, 0x62cd72, 0x62cd76, 0x62cd7a, 0x62cd7e, 0x62cd82, 0x62cd86, 0x62cd8a, 0x62cd8e, 0x62cd92, 0x62cd96,
  0x62cd9a, 0x62cd9e, 0x62cda2, 0x62cda6, 0x62cdaa, 0x62cdae, 0x62cdb2, 0x62cdb6, 0x62cdba, 0x62cdbe, 0x62cdc2, 0x62cdc6,
  0x62cdca, 0x62cdce, 0x62cdd2, 0x62cdd6, 0x62cdda, 0x62cdde, 0x62cde2, 0x62cde6, 0x62cdea, 0x62cdee, 0x62cdf2, 0x62cdf6,
  0x62cdfa, 0x62cdfe, 0x62ce02, 0x62ce06, 0x62ce0a, 0x62ce0e, 0x62ce12, 0x62ce16, 0x62ce1a, 0x62ce1e, 0x62ce22, 0x62ce26,
  0x62ce2a, 0x62ce2e, 0x62ce32, 0x62ce36, 0x62ce3a, 0x62ce3e, 0x62ce42, 0x62ce46, 0x62ce4a, 0x62ce4e, 0x62ce52, 0x62ce56,
  0x62ce5a, 0x62ce5e, 0x62ce62, 0x62ce66, 0x62ce6a, 0x62ce6e, 0x62ce72, 0x62ce76, 0x62ce8e, 0x62ce92, 0x62ce96, 0x62ce9a,
  0x62ce9e, 0x62cea2, 0x62cea6, 0x62ceaa, 0x62ceae, 0x62ceb2, 0x62ceb6, 0x62ceba, 0x62cebe, 0x62cec2, 0x62cec6, 0x62ceca,
  0x62cece, 0x62ced2, 0x62ced6, 0x62ceda, 0x62cede, 0x62cee2, 0x62cee6, 0x62ceea, 0x62ceee, 0x62cef2, 0x62cef6, 0x62cefa,
  0x62cefe, 0x62cf02, 0x62cf06, 0x62cf0a, 0x62cf0e, 0x62cf12, 0x62cf16, 0x62cf1a, 0x62cf1e, 0x62cf22, 0x62cf26, 0x62cf2a,
  0x62cf2e, 0x62cf32, 0x62cf36, 0x62cf3a, 0x62cf3e, 0x62cf42, 0x62cf46, 0x62cf4a, 0x62cf4e, 0x62cf52, 0x62cf56, 0x62cf5a,
  0x62cf5e, 0x62cf62, 0x62cf66, 0x62cf6a, 0x62cf6e, 0x62cf72, 0x62cf76, 0x62cf7a, 0x62cf7e, 0x62cf82, 0x62cf86, 0x62cf8a,
  0x62cf8e, 0x62cf92, 0x62cf96, 0x62cf9a, 0x62cf9e, 0x62cfa2, 0x62cfa6, 0x62cfaa, 0x62cfae, 0x62cfb2, 0x62cfb6, 0x62cfba,
  0x62cfbe, 0x62cfc2, 0x62cfc6, 0x62cfca, 0x62cfe2, 0x62cfe6, 0x62cfea, 0x62cfee, 0x62cff2, 0x62cff6, 0x62cffa, 0x62cffe,
  0x62d002, 0x62d006, 0x62d00a, 0x62d00e, 0x62d012, 0x62d016, 0x62d01a, 0x62d01e, 0x62d022, 0x62d026, 0x62d02a, 0x62d02e,
  0x62d032, 0x62d036, 0x62d03a, 0x62d03e, 0x62d042, 0x62d046, 0x62d04a, 0x62d04e, 0x62d052, 0x62d056, 0x62d05a, 0x62d05e,
  0x62d062, 0x62d066, 0x62d06a, 0x62d06e, 0x62d072, 0x62d076, 0x62d07a, 0x62d07e, 0x62d082, 0x62d086, 0x62d08a, 0x62d08e,
  0x62d092, 0x62d096, 0x62d09a, 0x62d09e, 0x62d0a2, 0x62d0a6, 0x62d0aa, 0x62d0ae, 0x62d0b2, 0x62d0b6, 0x62d0ba, 0x62d0be,
  0x62d0c2, 0x62d0c6, 0x62d0ca, 0x62d0ce, 0x62d0d2, 0x62d0d6, 0x62d0da, 0x62d0de, 0x62d0e2, 0x62d0e6, 0x62d0ea, 0x62d0ee,
  0x62d0f2, 0x62d0f6, 0x62d0fa, 0x62d0fe, 0x62d102, 0x62d106, 0x62d10a, 0x62d10e, 0x62d112, 0x62d116, 0x62d11a, 0x62d11e,
  0x62d136, 0x62d13a, 0x62d13e, 0x62d142, 0x62d146, 0x62d14a, 0x62d14e, 0x62d152, 0x62d156, 0x62d15a, 0x62d15e, 0x62d162,
  0x62d166, 0x62d16a, 0x62d16e, 0x62d172, 0x62d176, 0x62d17a, 0x62d17e, 0x62d182, 0x62d186, 0x62d18a, 0x62d18e, 0x62d192,
  0x62d196, 0x62d19a, 0x62d19e, 0x62d1a2, 0x62d1a6, 0x62d1aa, 0x62d1ae, 0x62d1b2, 0x62d1b6, 0x62d1ba, 0x62d1be, 0x62d1c2,
  0x62d1c6, 0x62d1ca, 0x62d1ce, 0x62d1d2, 0x62d1d6, 0x62d1da, 0x62d1de, 0x62d1e2, 0x62d1e6, 0x62d1ea, 0x62d1ee, 0x62d1f2,
  0x62d1f6, 0x62d1fa, 0x62d1fe, 0x62d202, 0x62d206, 0x62d20a, 0x62d20e, 0x62d212, 0x62d216, 0x62d21a, 0x62d21e, 0x62d222,
  0x62d226, 0x62d22a, 0x62d22e, 0x62d232, 0x62d236, 0x62d23a, 0x62d23e, 0x62d242, 0x62d246, 0x62d24a, 0x62d24e, 0x62d252,
  0x62d256, 0x62d25a, 0x62d25e, 0x62d262, 0x62d266, 0x62d26a, 0x62d26e, 0x62d272, 0x62d276, 0x62d27a, 0x62d27e, 0x62d282,
  0x62d286, 0x62d28a, 0x62d28e, 0x62d292, 0x62d296, 0x62d29a, 0x62d29e, 0x62d2a2, 0x62d2a6, 0x62d2aa, 0x62d2ae, 0x62d2b2,
  0x62d2b6, 0x62d2ba, 0x62d2be, 0x62d2c2, 0x62d2c6, 0x62d2ca, 0x62d2ce, 0x62d2d2, 0x62d2d6, 0x62d2da, 0x62d2de, 0x62d2e2,
  0x62d2e6, 0x62d2ea, 0x62d2ee, 0x62d2f2, 0x62d2f6, 0x62d2fa, 0x62d2fe, 0x62d302, 0x62d306, 0x62d30a, 0x62d30e, 0x62d312,
  0x62d316, 0x62d31a, 0x62d31e, 0x62d322, 0x62d326, 0x62d32a, 0x62d32e, 0x62d332, 0x62d336, 0x62d33a, 0x62d33e, 0x62d342,
  0x62d346, 0x62d34a, 0x62d34e, 0x62d352, 0x62d356, 0x62d35a, 0x62d35e, 0x62d362, 0x62d366, 0x62d36a, 0x62d36e, 0x62d372,
  0x62d376, 0x62d37a, 0x62d37e, 0x62d382, 0x62d386, 0x62d38a, 0x62d38e, 0x62d392, 0x62d396, 0x62d39a, 0x62d39e, 0x62d3a2,
  0x62d3a6, 0x62d3aa, 0x62d3ae, 0x62d3b2, 0x62d3b6, 0x62d3ba, 0x62d3be, 0x62d3c2, 0x62d3c6, 0x62d3ca, 0x62d3ce, 0x62d3d2,
  0x62d3d6, 0x62d3da, 0x62d3de, 0x62d3e2, 0x62d3e6, 0x62d3ea, 0x62d3ee, 0x62d3f2, 0x62d3f6, 0x62d3fa, 0x62d3fe, 0x62d402,
  0x62d406, 0x62d40a, 0x62d40e, 0x62d412, 0x62d416, 0x62d41a, 0x62d41e, 0x62d422, 0x62d426, 0x62d42a, 0x62d42e, 0x62d432,
  0x62d436, 0x62d43a, 0x62d43e, 0x62d442, 0x62d446, 0x62d44a, 0x62d44e, 0x62d452, 0x62d456, 0x62d45a, 0x62d45e, 0x62d462,
  0x62d466, 0x62d46a, 0x62d46e, 0x62d472, 0x62d476, 0x62d47a, 0x62d47e, 0x62d482, 0x62d486, 0x62d48a, 0x62d48e, 0x62d492,
  0x62d496, 0x62d49a, 0x62d49e, 0x62d4a2, 0x62d4a6, 0x62d4aa, 0x62d4ae, 0x62d4b2, 0x62d4b6, 0x62d4ba, 0x62d4be, 0x62d4c2,
  0x62d4c6, 0x62d4ca, 0x62d4ce, 0x62d4d2, 0x62d4d6, 0x62d4da, 0x62d4de, 0x62d4e2, 0x62d4e6, 0x62d4ea, 0x62d4ee, 0x62d4f2,
  0x62d4f6, 0x62d4fa, 0x62d4fe, 0x62d502, 0x62d506, 0x62d50a, 0x62d50e, 0x62d512, 0x62d516, 0x62d51a, 0x62d51e, 0x62d522,
  0x62d526, 0x62d52a, 0x62d52e, 0x62d532, 0x62d536, 0x62d53a, 0x62d53e, 0x62d542, 0x62d546, 0x62d54a, 0x62d54e, 0x62d552,
  0x62d556, 0x62d55a, 0x62d55e, 0x62d562, 0x62d566, 0x62d56a, 0x62d56e, 0x62d572, 0x62d576, 0x62d57a, 0x62d57e, 0x62d582,
  0x62d586, 0x62d58a, 0x62d58e, 0x62d592, 0x62d596, 0x62d59a, 0x62d59e, 0x62d5a2, 0x62d5a6, 0x62d5aa, 0x62d5ae, 0x62d5b2,
  0x62d5b6, 0x62d5ba, 0x62d5be, 0x62d5c2, 0x62d5c6, 0x62d5ca, 0x62d5ce, 0x62d5d2, 0x62d5d6, 0x62d5da, 0x62d5de, 0x62d5e2,
  0x62d5e6, 0x62d5ea, 0x62d5ee, 0x62d5f2, 0x62d5f6, 0x62d5fa, 0x62d5fe, 0x62d602, 0x62d606, 0x62d60a, 0x62d60e, 0x62d612,
  0x62d616, 0x62d61a, 0x62d61e, 0x62d622, 0x62d626, 0x62d62a, 0x62d62e, 0x62d632, 0x62d636, 0x62d63a, 0x62d63e, 0x62d642,
  0x62d646, 0x62d64a, 0x62d64e, 0x62d652, 0x62d656, 0x62d65a, 0x62d65e, 0x62d662, 0x62d666, 0x62d66a, 0x62d66e, 0x62d672,
  0x62d676, 0x62d67a, 0x62d67e, 0x62d682, 0x62d686, 0x62d68a, 0x62d68e, 0x62d692, 0x62d696, 0x62d69a, 0x62d69e, 0x62d6a2,
  0x62d6a6, 0x62d6aa, 0x62d6ae, 0x62d6b2, 0x62d6b6, 0x62d6ba, 0x62d6be, 0x62d6c2, 0x62d6c6, 0x62d6ca, 0x62d6ce, 0x62d6d2,
  0x62d6d6, 0x62d6da, 0x62d6de, 0x62d6e2, 0x62d6e6, 0x62d6ea, 0x62d6ee, 0x62d6f2, 0x62d6f6, 0x62d6fa, 0x62d6fe, 0x62d702,
  0x62d706, 0x62d70a, 0x62d70e, 0x62d712, 0x62d716, 0x62d71a, 0x62d71e, 0x62d722, 0x62d726, 0x62d72a, 0x62d72e, 0x62d732,
  0x62d736, 0x62d73a, 0x62d73e, 0x62d742, 0x62d746, 0x62d74a, 0x62d74e, 0x62d752, 0x62d756, 0x62d75a, 0x62d75e, 0x62d762,
  0x62d766, 0x62d76a, 0x62d76e, 0x62d772, 0x62d776, 0x62d77a, 0x62d77e, 0x62d782, 0x62d786, 0x62d78a, 0x62d78e, 0x62d792,
  0x62d796, 0x62d79a, 0x62d79e, 0x62d7a2, 0x62d7a6, 0x62d7aa, 0x62d7ae, 0x62d7b2, 0x62d7b6, 0x62d7ba, 0x62d7be, 0x62d7c2,
  0x62d7c6, 0x62d7ca, 0x62d7ce, 0x62d7d2, 0x62d7d6, 0x62d7da, 0x62d7de, 0x62d7e2, 0x62d7e6, 0x62d7ea, 0x62d7ee, 0x62d7f2,
  0x62d7f6, 0x62d7fa, 0x62d7fe, 0x62d802, 0x62d806, 0x62d80a, 0x62d80e, 0x62d812, 0x62d816, 0x62d81a, 0x62d81e, 0x62d822,
  0x62d826, 0x62d82a, 0x62d82e, 0x62d832, 0x62d836, 0x62d83a, 0x62d852, 0x62d856, 0x62d85a, 0x62d85e, 0x62d862, 0x62d866,
  0x62d86a, 0x62d86e, 0x62d872, 0x62d876, 0x62d87a, 0x62d87e, 0x62d882, 0x62d886, 0x62d88a, 0x62d88e, 0x62d892, 0x62d896,
  0x62d89a, 0x62d89e, 0x62d8a2, 0x62d8a6, 0x62d8aa, 0x62d8ae, 0x62d8b2, 0x62d8b6, 0x62d8ba, 0x62d8be, 0x62d8c2, 0x62d8c6,
  0x62d8ca, 0x62d8ce, 0x62d8d2, 0x62d8d6, 0x62d8da, 0x62d8de, 0x62d8e2, 0x62d8e6, 0x62d8ea, 0x62d8ee, 0x62d8f2, 0x62d8f6,
  0x62d8fa, 0x62d8fe, 0x62d902, 0x62d906, 0x62d90a, 0x62d90e, 0x62d912, 0x62d916, 0x62d91a, 0x62d91e, 0x62d922, 0x62d926,
  0x62d92a, 0x62d92e, 0x62d932, 0x62d936, 0x62d93a, 0x62d93e, 0x62d942, 0x62d946, 0x62d94a, 0x62d94e, 0x62d952, 0x62d956,
  0x62d95a, 0x62d95e, 0x62d962, 0x62d966, 0x62d96a, 0x62d96e, 0x62d972, 0x62d976, 0x62d97a, 0x62d97e, 0x62d982, 0x62d986,
  0x62d98a, 0x62d98e, 0x62d9a6, 0x62d9aa, 0x62d9ae, 0x62d9b2, 0x62d9b6, 0x62d9ba, 0x62d9be, 0x62d9c2, 0x62d9c6, 0x62d9ca,
  0x62d9ce, 0x62d9d2, 0x62d9d6, 0x62d9da, 0x62d9de, 0x62d9e2, 0x62d9e6, 0x62d9ea, 0x62d9ee, 0x62d9f2, 0x62d9f6, 0x62d9fa,
  0x62d9fe, 0x62da02, 0x62da06, 0x62da0a, 0x62da0e, 0x62da12, 0x62da16, 0x62da1a, 0x62da1e, 0x62da22, 0x62da26, 0x62da2a,
  0x62da2e, 0x62da32, 0x62da36, 0x62da3a, 0x62da3e, 0x62da42, 0x62da46, 0x62da4a, 0x62da4e, 0x62da52, 0x62da56, 0x62da5a,
  0x62da5e, 0x62da62, 0x62da66, 0x62da6a, 0x62da6e, 0x62da72, 0x62da76, 0x62da7a, 0x62da7e, 0x62da82, 0x62da86, 0x62da8a,
  0x62da8e, 0x62da92, 0x62da96, 0x62da9a, 0x62da9e, 0x62daa2, 0x62daa6, 0x62daaa, 0x62daae, 0x62dab2, 0x62dab6, 0x62daba,
  0x62dabe, 0x62dac2, 0x62dac6, 0x62daca, 0x62dace, 0x62dad2, 0x62dad6, 0x62dada, 0x62dade, 0x62dae2, 0x62daee, 0x62dcc2,
  0x62ddc3,
};

static const uint32_t mobd_x64_nulls_surv_01[] = {
  0x000034, 0x00003c, 0x000048, 0x000070, 0x00007c, 0x0000a4, 0x0000b0, 0x0000d8, 0x0000e4, 0x00010c, 0x000118, 0x000140,
  0x00014c, 0x000174, 0x000180, 0x0001a8, 0x0001b4, 0x0001dc, 0x0001e8, 0x000200, 0x000210, 0x00021c, 0x000244, 0x000250,
  0x000286, 0x000292, 0x0002c8, 0x0002d4, 0x00030a, 0x000316, 0x00034c, 0x000358, 0x00038e, 0x00039a, 0x0003d0, 0x0003dc,
  0x000412, 0x00041e, 0x000454, 0x000460, 0x000496, 0x0004a2, 0x0004d8, 0x0004e4, 0x00051a, 0x000526, 0x00055c, 0x000568,
  0x00059e, 0x0005aa, 0x0005e0, 0x0005ec, 0x000622, 0x00062e, 0x000664, 0x000670, 0x0006a6, 0x0006b2, 0x0006e8, 0x0006f4,
  0x00072a, 0x000736, 0x00076c, 0x000778, 0x0007a0, 0x0007ac, 0x0007e2, 0x0007ee, 0x000824, 0x000830, 0x000866, 0x000872,
  0x0008a8, 0x0008b4, 0x0008ea, 0x0008f6, 0x000918, 0x00092c, 0x000938, 0x00096e, 0x00097a, 0x0009b0, 0x0009bc, 0x0009f2,
  0x0009fe, 0x000a34, 0x000a40, 0x000a76, 0x000a82, 0x000ab8, 0x000ac4, 0x000aee, 0x000afa, 0x000b06, 0x002ef1, 0x002ef5,
  0x002ef9, 0x002efd, 0x002f01, 0x002f05, 0x002f09, 0x002f0d, 0x002f11, 0x002f15, 0x002f19, 0x002f1d, 0x002f21, 0x002f25,
  0x002f29, 0x002f2d, 0x10a27d, 0x10a451, 0x10ea0e, 0x10ea12, 0x10ea16, 0x10ea22, 0x10ea26, 0x10ea3e, 0x10ea42, 0x10ea46,
  0x10ea4e, 0x10ea6a, 0x10ea6e, 0x10ea72, 0x10ea76, 0x10ea7a, 0x10ea7e, 0x10ea82, 0x10ea86, 0x10ea8a, 0x10ea8e, 0x10ea92,
  0x10ea96, 0x10ea9a, 0x10eaa2, 0x10eaa6, 0x10eaaa, 0x10eaae, 0x10eab2, 0x10eab6, 0x10eaba, 0x10eaca, 0x10eace, 0x10ead2,
  0x10ead6, 0x10eada, 0x10eade, 0x10eae2, 0x10eae6, 0x10eaea, 0x10eaee, 0x10eaf2, 0x10eaf6, 0x10eafa, 0x10eafe, 0x10eb2e,
  0x10eb32, 0x10eb36, 0x10eb3a, 0x10eb3e, 0x10eb5a, 0x10eb5e, 0x10eb62, 0x10eb76, 0x10eb7a, 0x10eb86, 0x10eb8a, 0x10eb92,
  0x10eb96, 0x10eb9a, 0x10eb9e, 0x10ebbe, 0x10ebc2, 0x10ebde, 0x10ebe2, 0x10ebe6, 0x10ebea, 0x10ebee, 0x10ebf6, 0x10ebfa,
  0x10ebfe, 0x10ec22, 0x10ec26, 0x10ec2e, 0x10ec42, 0x10ec46, 0x10ec4a, 0x10ec4e, 0x10ec52, 0x10ec6a, 0x10ec6e, 0x10ec72,
  0x10ec76, 0x10ec7a, 0x10ec82, 0x10ec86, 0x10ec8a, 0x10ec8e, 0x10ec92, 0x10eca6, 0x10ecaa, 0x10ecae, 0x10ecb2, 0x10ecb6,
  0x10ecba, 0x10ecbe, 0x10ecc2, 0x10ecc6, 0x10ecca, 0x10ecd6, 0x10ecda, 0x10ecde, 0x10ece2, 0x10ece6, 0x10ecea, 0x10ecee,
  0x10ecf2, 0x10ecf6, 0x10ecfa, 0x10ecfe, 0x10ed02, 0x10ed06, 0x10ed0a, 0x10ed0e, 0x10ed12, 0x10ed16, 0x10ed1a, 0x10ed2a,
  0x10ed3a, 0x10ed3e, 0x10ed46, 0x10ed4a, 0x10ed4e, 0x10ed52, 0x10ed56, 0x10ed5a, 0x10ed5e, 0x10ed62, 0x10ed66, 0x10ed6a,
  0x10ed8a, 0x10ed8e, 0x10ed9e, 0x10eda2, 0x10edaa, 0x10edae, 0x10edb2, 0x10edb6, 0x10edba, 0x10edbe, 0x10ede6, 0x10edea,
  0x10edee, 0x10edf2, 0x10ee02, 0x10ee06, 0x10ee0a, 0x10ee0e, 0x10ee1e, 0x10ee22, 0x10ee46, 0x10ee4a, 0x10ee4e, 0x10ee52,
  0x10ee56, 0x10ee5a, 0x10ee62, 0x10ee66, 0x10ee6a, 0x10ee6e, 0x10ee72, 0x10ee7e, 0x10ee82, 0x10ee86, 0x10ee96, 0x10ee9e,
  0x10eea2, 0x10eea6, 0x10eeaa, 0x10eeba, 0x10eebe, 0x10eec2, 0x10eec6, 0x10eed2, 0x10eed6, 0x10eee2, 0x10eee6, 0x10eeea,
  0x10eeee, 0x10eef2, 0x10eef6, 0x10eefa, 0x10eefe, 0x10ef02, 0x10ef06, 0x10ef0a, 0x10ef0e, 0x10ef1e, 0x10ef22, 0x10ef3a,
  0x10ef42, 0x10ef46, 0x10ef4a, 0x10ef4e, 0x10ef52, 0x10ef56, 0x10ef5a, 0x10ef5e, 0x10ef62, 0x10ef66, 0x10ef6a, 0x10ef6e,
  0x10ef72, 0x10ef8e, 0x10ef9e, 0x10efa6, 0x10efaa, 0x10efae, 0x10efb2, 0x10efb6, 0x10efba, 0x10efbe, 0x10efc2, 0x10efc6,
  0x10efca, 0x10efce, 0x10efd2, 0x10efd6, 0x10eff6, 0x10effa, 0x10effe, 0x10f00a, 0x10f00e, 0x10f012, 0x10f016, 0x10f01a,
  0x10f01e, 0x10f022, 0x10f026, 0x10f02a, 0x10f02e, 0x10f032, 0x10f06e, 0x10f07a, 0x10f086, 0x10f08a, 0x10f08e, 0x10f092,
  0x10f0ce, 0x10f0de, 0x10f0e2, 0x10f0ea, 0x10f0ee, 0x10f0f2, 0x10f0f6, 0x10f10e, 0x10f11a, 0x10f13a, 0x10f146, 0x10f14e,
  0x10f15a, 0x10f162, 0x10f16a, 0x10f172, 0x10f17a, 0x10f182, 0x10f18a, 0x10f192, 0x10f19a, 0x10f1a6, 0x10f1c6, 0x10f1ce,
  0x10f1da, 0x10f1e2, 0x10f1ea, 0x10f1fa, 0x10f20e, 0x10f216, 0x10f222, 0x10f23e, 0x10f252, 0x10f262, 0x10f276, 0x10f27e,
  0x10f28a, 0x10f29e, 0x10f2ae, 0x10f2c2, 0x10f2ca, 0x10f2de, 0x10f2ee, 0x10f30e, 0x10f31a, 0x10f322, 0x10f32a, 0x10f332,
  0x10f33e, 0x10f352, 0x10f35a, 0x10f36a, 0x10f38a, 0x10f392, 0x10f39e, 0x10f3a6, 0x10f3b2, 0x10f3d2, 0x10f3da, 0x10f3ea,
  0x10f406, 0x10f41a, 0x10f422, 0x10f42e, 0x10f436, 0x10f43e, 0x10f446, 0x10f452, 0x10f45a, 0x10f466, 0x10f46e, 0x10f476,
  0x10f47e, 0x10f486, 0x10f496, 0x10f4fe, 0x10f506, 0x10f512, 0x10f51a, 0x10f522, 0x10f52a, 0x10f536, 0x10f53e, 0x10f54a,
  0x10f55a, 0x10f56e, 0x10f582, 0x10f58a, 0x10f596, 0x10f59e, 0x10f5aa, 0x10f5b2, 0x10f5be, 0x10f5c6, 0x10f5ce, 0x10f5da,
  0x10f5e2, 0x10f5ea, 0x10f5f6, 0x10f606, 0x10f616, 0x11033e,
};

static const uint32_t mobd_x64_nulls_surv_02[] = {
  0x000034, 0x00003c, 0x000048, 0x000070, 0x00007c, 0x0000a4, 0x0000b0, 0x0000d8, 0x0000e4, 0x00010c, 0x000118, 0x000140,
  0x00014c, 0x000174, 0x000180, 0x0001a8, 0x0001b4, 0x0001dc, 0x0001e8, 0x000210, 0x00021c, 0x000252, 0x00025e, 0x000294,
  0x0002a0, 0x0002c8, 0x0002d4, 0x0002fa, 0x00030a, 0x000316, 0x00033e, 0x00034a, 0x000380, 0x00038c, 0x0003c2, 0x0003ce,
  0x000404, 0x000410, 0x000446, 0x000452, 0x000488, 0x000494, 0x0004ca, 0x0004d6, 0x00050c, 0x000518, 0x00054e, 0x00055a,
  0x000590, 0x00059c, 0x0005dc, 0x0005e8, 0x00061e, 0x00062a, 0x000660, 0x00066c, 0x0006a2, 0x0006ae, 0x0006e4, 0x0006f0,
  0x000726, 0x000732, 0x000768, 0x000774, 0x0007aa, 0x0007b6, 0x0007ec, 0x0007f8, 0x00082e, 0x00083a, 0x000870, 0x00087c,
  0x0008b2, 0x0008be, 0x0008f4, 0x000900, 0x000936, 0x000942, 0x000978, 0x000984, 0x0009ba, 0x0009c6, 0x0009fc, 0x000a08,
  0x000a3e, 0x000a4a, 0x000a80, 0x000a8c, 0x000ac2, 0x000ace, 0x000b04, 0x000b10, 0x000b46, 0x000b52, 0x000b88, 0x000b94,
  0x000bca, 0x000bd6, 0x000c0c, 0x000c18, 0x000c4e, 0x000c5a, 0x000c90, 0x000c9c, 0x000cd2, 0x000cde, 0x000d14, 0x000d20,
  0x000d56, 0x000d62, 0x000d98, 0x000da4, 0x000dda, 0x000de6, 0x000e1c, 0x000e28, 0x000e5e, 0x000e6a, 0x000ea0, 0x000eac,
  0x000ee2, 0x000eee, 0x000f24, 0x000f30, 0x000f66, 0x000f72, 0x000fa8, 0x000fb4, 0x000fea, 0x000ff6, 0x00102c, 0x001038,
  0x00106e, 0x00107a, 0x0010b0, 0x0010bc, 0x0010de, 0x0010f2, 0x0010fe, 0x001134, 0x001140, 0x001176, 0x001182, 0x0011b8,
  0x0011c4, 0x0011fa, 0x001206, 0x00123c, 0x001248, 0x00127e, 0x00128a, 0x0012c0, 0x0012cc, 0x001302, 0x00130e, 0x001344,
  0x001350, 0x001386, 0x001392, 0x0013c8, 0x0013d4, 0x00140a, 0x001416, 0x00144c, 0x001458, 0x00148e, 0x00149a, 0x0014d0,
  0x0014dc, 0x001512, 0x00151e, 0x001554, 0x001560, 0x00158a, 0x001596, 0x0015a2, 0x0039b1, 0x0039b5, 0x0039b9, 0x0039bd,
  0x0039c1, 0x0039c5, 0x0039c9, 0x0039cd, 0x0039d1, 0x0039d5, 0x0039d9, 0x0039dd, 0x0039e1, 0x0039e5, 0x0039e9, 0x0039ed,
  0x0bac41, 0x0bae15, 0x0bf2fa, 0x0bf2fe, 0x0bf302, 0x0bf306, 0x0bf30a, 0x0bf30e, 0x0bf35e, 0x0bf362, 0x0bf366, 0x0bf36a,
  0x0bf36e, 0x0bf372, 0x0bf3c6, 0x0bf3ca, 0x0bf3ce, 0x0bf3d2, 0x0bf3d6, 0x0bf3da, 0x0bf3de, 0x0bf3f6, 0x0bf3fa, 0x0bf3fe,
  0x0bf402, 0x0bf406, 0x0bf40a, 0x0bf40e, 0x0bf412, 0x0bf416, 0x0bf42e, 0x0bf432, 0x0bf436, 0x0bf43a, 0x0bf43e, 0x0bf442,
  0x0bf456, 0x0bf45a, 0x0bf45e, 0x0bf462, 0x0bf466, 0x0bf46a, 0x0bf46e, 0x0bf472, 0x0bf476, 0x0bf47a, 0x0bf47e, 0x0bf482,
  0x0bf492, 0x0bf496, 0x0bf49a, 0x0bf49e, 0x0bf4a2, 0x0bf4a6, 0x0bf4ba, 0x0bf4be, 0x0bf4c2, 0x0bf4c6, 0x0bf4e2, 0x0bf4e6,
  0x0bf4fa, 0x0bf506, 0x0bf50a, 0x0bf50e, 0x0bf51e, 0x0bf522, 0x0bf526, 0x0bf52a, 0x0bf546, 0x0bf54a, 0x0bf55e, 0x0bf56a,
  0x0bf56e, 0x0bf582, 0x0bf5aa, 0x0bf5ae, 0x0bf5c2, 0x0bf5da, 0x0bf5de, 0x0bf60e, 0x0bf612, 0x0bf626, 0x0bf62e, 0x0bf632,
  0x0bf636, 0x0bf63a, 0x0bf65a, 0x0bf672, 0x0bf676, 0x0bf682, 0x0bf686, 0x0bf68a, 0x0bf68e, 0x0bf69a, 0x0bf6a6, 0x0bf6be,
  0x0bf6c2, 0x0bf6c6, 0x0bf6ca, 0x0bf6ce, 0x0bf6d2, 0x0bf6d6, 0x0bf6e6, 0x0bf6ea, 0x0bf6ee, 0x0bf6f2, 0x0bf6f6, 0x0bf6fa,
  0x0bf6fe, 0x0bf70a, 0x0bf71a, 0x0bf71e, 0x0bf722, 0x0bf726, 0x0bf72a, 0x0bf72e, 0x0bf732, 0x0bf73a, 0x0bf76a, 0x0bf76e,
  0x0bf772, 0x0bf776, 0x0bf782, 0x0bf786, 0x0bf78a, 0x0bf78e, 0x0bf792, 0x0bf796, 0x0bf79a, 0x0bf79e, 0x0bf7ce, 0x0bf7d2,
  0x0bf7d6, 0x0bf7f2, 0x0bf7f6, 0x0bf7fa, 0x0bf7fe, 0x0bf802, 0x0bf806, 0x0bf85e, 0x0bf862, 0x0bf866, 0x0bf86a, 0x0bf86e,
  0x0bf872, 0x0bf876, 0x0bf87a, 0x0bf87e, 0x0bf882, 0x0bf886, 0x0bf8ca, 0x0bf8ce, 0x0bf8d2, 0x0bf8d6, 0x0bf8e2, 0x0bf8e6,
  0x0bf8ea, 0x0bf92e, 0x0bf932, 0x0bf936, 0x0bf93a, 0x0bf946, 0x0bf94a, 0x0bf94e, 0x0bf962, 0x0bf966, 0x0bf96a, 0x0bf96e,
  0x0bf972, 0x0bf976, 0x0bf992, 0x0bf996, 0x0bf9b2, 0x0bf9b6, 0x0bf9ba, 0x0bf9be, 0x0bf9c2, 0x0bf9c6, 0x0bf9ce, 0x0bf9de,
  0x0bf9e2, 0x0bf9f2, 0x0bf9f6, 0x0bfa16, 0x0bfa1a, 0x0bfa26, 0x0bfa2a, 0x0bfa2e, 0x0bfa32, 0x0bfa42, 0x0bfa46, 0x0bfa4a,
  0x0bfa4e, 0x0bfa52, 0x0bfa56, 0x0bfa7a, 0x0bfa7e, 0x0bfa82, 0x0bfa86, 0x0bfa8e, 0x0bfaae, 0x0bfab2, 0x0bfab6, 0x0bface,
  0x0bfada, 0x0bfae2, 0x0bfaee, 0x0bfaf6, 0x0bfafe, 0x0bfb0a, 0x0bfb12, 0x0bfb1e, 0x0bfb32, 0x0bfb3e, 0x0bfb46, 0x0bfb4e,
  0x0bfb56, 0x0bfb5e, 0x0bfb66, 0x0bfb6e, 0x0bfb7a, 0x0bfb8a, 0x0bfb9a, 0x0bfba6, 0x0bfbae, 0x0bfbba, 0x0bfbce, 0x0bfbde,
  0x0bfbee, 0x0bfbf6, 0x0bfbfe, 0x0bfc06, 0x0bfc12, 0x0bfc3e, 0x0bfc46, 0x0bfc56, 0x0bfc66, 0x0bfc72, 0x0bfc86, 0x0bfc8e,
  0x0bfc96, 0x0bfc9e, 0x0bfca6, 0x0bfcb2, 0x0bfcd2, 0x0bfcda, 0x0bfce2, 0x0bfcee, 0x0bfd02, 0x0bfd0a, 0x0bfd16, 0x0bfd1e,
  0x0bfd26, 0x0bfd32, 0x0bfd3a, 0x0bfd46, 0x0bfd56, 0x0bfd66, 0x0bfd6e, 0x0bfd76, 0x0bfd82, 0x0bfd8a, 0x0bfd96, 0x0bfdb6,
  0x0bfdc2, 0x0bfdca, 0x0bfdd2, 0x0bfdda, 0x0bfde6, 0x0bfdee, 0x0bfdf6, 0x0bfdfe, 0x0bfe06, 0x0bfe0e, 0x0bfe16, 0x0bfe1e,
  0x0bfe26, 0x0bfe32, 0x0bfe3a, 0x0bfe42, 0x0bfe4a, 0x0bfe52, 0x0bfe5a, 0x0bfe62, 0x0bfe6a, 0x0bfe76, 0x0bfe7e, 0x0bfe8a,
  0x0bfe92, 0x0bfe9a, 0x0bfea2, 0x0bfeaa, 0x0bfeb2, 0x0c086e,
};

static const uint32_t mobd_x64_nulls_mute_01[] = {
  0x000034, 0x00003c, 0x000048, 0x000060, 0x000070, 0x00007c, 0x0000a4, 0x0000b0, 0x0000d8, 0x0000e4, 0x00010c, 0x000118,
  0x000140, 0x00014c, 0x000174, 0x000180, 0x0001a8, 0x0001b4, 0x0001dc, 0x0001e8, 0x000210, 0x00021c, 0x000244, 0x000250,
  0x000286, 0x000292, 0x0002ba, 0x0002c6, 0x0002fc, 0x000308, 0x00033e, 0x00034a, 0x000380, 0x00038c, 0x0003c2, 0x0003ce,
  0x000404, 0x000410, 0x000446, 0x000452, 0x000488, 0x000494, 0x0004ca, 0x0004d6, 0x00050c, 0x000518, 0x00054e, 0x00055a,
  0x000590, 0x00059c, 0x0005d2, 0x0005de, 0x000614, 0x000620, 0x000656, 0x000662, 0x000698, 0x0006a4, 0x0006da, 0x0006e6,
  0x00071c, 0x000728, 0x00075e, 0x00076a, 0x0007a0, 0x0007ac, 0x0007e2, 0x0007ee, 0x000824, 0x000830, 0x000866, 0x000872,
  0x000894, 0x0008a8, 0x0008b4, 0x0008ea, 0x0008f6, 0x00092c, 0x000938, 0x00096e, 0x00097a, 0x0009b0, 0x0009bc, 0x0009f2,
  0x0009fe, 0x000a34, 0x000a40, 0x000a76, 0x000a82, 0x000ab8, 0x000ac4, 0x000afa, 0x000b06, 0x000b3c, 0x000b48, 0x000b7e,
  0x000b8a, 0x000bc0, 0x000bcc, 0x000c02, 0x000c0e, 0x000c44, 0x000c50, 0x000c86, 0x000c92, 0x000cc8, 0x000cd4, 0x000d0a,
  0x000d16, 0x000d4c, 0x000d58, 0x000d82, 0x000d8e, 0x000d9a, 0x0035e9, 0x0035ed, 0x0035f1, 0x0035f5, 0x0035f9, 0x0035fd,
  0x003601, 0x003605, 0x003609, 0x00360d, 0x003611, 0x003615, 0x003619, 0x00361d, 0x003621, 0x003625, 0x0c81ad, 0x0c8381,
  0x0cc866, 0x0cc86a, 0x0cc86e, 0x0cc872, 0x0cc876, 0x0cc87a, 0x0cc87e, 0x0cc882, 0x0cc886, 0x0cc88a, 0x0cc88e, 0x0cc892,
  0x0cc896, 0x0cc89a, 0x0cc89e, 0x0cc8a2, 0x0cc8a6, 0x0cc8aa, 0x0cc8ae, 0x0cc8b2, 0x0cc8b6, 0x0cc8ba, 0x0cc8be, 0x0cc8c2,
  0x0cc8c6, 0x0cc8ca, 0x0cc8d6, 0x0cc8da, 0x0cc8de, 0x0cc8e2, 0x0cc8e6, 0x0cc8ea, 0x0cc8ee, 0x0cc8f2, 0x0cc8f6, 0x0cc8fa,
  0x0cc8fe, 0x0cc902, 0x0cc906, 0x0cc90a, 0x0cc90e, 0x0cc912, 0x0cc916, 0x0cc91a, 0x0cc926, 0x0cc92a, 0x0cc92e, 0x0cc932,
  0x0cc936, 0x0cc93a, 0x0cc93e, 0x0cc942, 0x0cc94e, 0x0cc952, 0x0cc956, 0x0cc95a, 0x0cc95e, 0x0cc962, 0x0cc966, 0x0cc96a,
  0x0cc96e, 0x0cc972, 0x0cc976, 0x0cc992, 0x0cc996, 0x0cc99a, 0x0cc99e, 0x0cc9a6, 0x0cc9aa, 0x0cc9ae, 0x0cc9c2, 0x0cc9c6,
  0x0cc9ca, 0x0cc9d6, 0x0cc9da, 0x0cc9de, 0x0cc9e2, 0x0cc9e6, 0x0cca0a, 0x0cca0e, 0x0cca1e, 0x0cca22, 0x0cca26, 0x0cca3e,
  0x0cca42, 0x0cca52, 0x0cca56, 0x0cca5a, 0x0cca5e, 0x0cca66, 0x0cca6a, 0x0cca6e, 0x0cca72, 0x0cca76, 0x0cca7a, 0x0cca7e,
  0x0cca82, 0x0cca86, 0x0cca8a, 0x0cca8e, 0x0cca9e, 0x0ccab6, 0x0ccaba, 0x0ccabe, 0x0ccac2, 0x0ccac6, 0x0ccaca, 0x0ccace,
  0x0ccade, 0x0ccae2, 0x0ccae6, 0x0ccaea, 0x0ccaee, 0x0ccaf2, 0x0ccaf6, 0x0ccafa, 0x0ccafe, 0x0ccb02, 0x0ccb06, 0x0ccb16,
  0x0ccb1a, 0x0ccb1e, 0x0ccb22, 0x0ccb26, 0x0ccb2a, 0x0ccb2e, 0x0ccb32, 0x0ccb36, 0x0ccb3a, 0x0ccb3e, 0x0ccb4e, 0x0ccb52,
  0x0ccb56, 0x0ccb5a, 0x0ccb5e, 0x0ccb62, 0x0ccb66, 0x0ccb6a, 0x0ccb76, 0x0ccb7a, 0x0ccb7e, 0x0ccb82, 0x0ccbaa, 0x0ccbae,
  0x0ccbb2, 0x0ccbb6, 0x0ccbc6, 0x0ccbd6, 0x0ccbde, 0x0ccbe2, 0x0ccbee, 0x0ccbf2, 0x0ccbf6, 0x0ccbfa, 0x0ccbfe, 0x0ccc02,
  0x0ccc06, 0x0ccc16, 0x0ccc1a, 0x0ccc1e, 0x0ccc22, 0x0ccc26, 0x0ccc36, 0x0ccc3a, 0x0ccc3e, 0x0ccc42, 0x0ccc46, 0x0ccc4a,
  0x0ccc4e, 0x0ccc56, 0x0ccc66, 0x0ccc6a, 0x0ccc6e, 0x0ccc72, 0x0ccc7e, 0x0ccc8e, 0x0ccc92, 0x0ccc96, 0x0ccc9a, 0x0ccca6,
  0x0cccaa, 0x0cccae, 0x0cccb2, 0x0cccb6, 0x0cccba, 0x0cccbe, 0x0cccc2, 0x0cccce, 0x0cccde, 0x0cccea, 0x0cccee, 0x0cccf2,
  0x0cccf6, 0x0cccfa, 0x0ccd06, 0x0ccd0a, 0x0ccd0e, 0x0ccd12, 0x0ccd16, 0x0ccd1a, 0x0ccd1e, 0x0ccd3a, 0x0ccd3e, 0x0ccd42,
  0x0ccd46, 0x0ccd4a, 0x0ccd4e, 0x0ccd52, 0x0ccd62, 0x0ccd66, 0x0ccd6a, 0x0ccd6e, 0x0ccd72, 0x0ccd7e, 0x0ccd82, 0x0ccd86,
  0x0ccd8a, 0x0ccd8e, 0x0ccd92, 0x0ccd96, 0x0ccda6, 0x0ccdaa, 0x0ccdae, 0x0ccdb2, 0x0ccdb6, 0x0ccdba, 0x0ccdca, 0x0ccdda,
  0x0ccdde, 0x0ccde2, 0x0ccdf2, 0x0ccdf6, 0x0ccdfa, 0x0ccdfe, 0x0cce02, 0x0cce06, 0x0cce0a, 0x0cce0e, 0x0cce12, 0x0cce16,
  0x0cce1a, 0x0cce1e, 0x0cce22, 0x0cce26, 0x0cce2a, 0x0cce2e, 0x0cce32, 0x0cce36, 0x0cce3a, 0x0cce3e, 0x0cce42, 0x0cce46,
  0x0cce4a, 0x0cce4e, 0x0cce52, 0x0cce56, 0x0cce5a, 0x0cce5e, 0x0cce62, 0x0cce66, 0x0cce6a, 0x0cce6e, 0x0cce72, 0x0cce76,
  0x0cce7a, 0x0cce7e, 0x0cce82, 0x0cce96, 0x0cce9a, 0x0cce9e, 0x0ccea2, 0x0ccea6, 0x0cceaa, 0x0cceae, 0x0cceb2, 0x0cceb6,
  0x0cceba, 0x0ccef6, 0x0ccefa, 0x0ccf0e, 0x0ccf72, 0x0ccf76, 0x0ccf7a, 0x0ccf7e, 0x0cd152, 0x0cd162, 0x0cd176, 0x0cd17e,
  0x0cd18a, 0x0cd192, 0x0cd19e, 0x0cd1a6, 0x0cd1ae, 0x0cd1b6, 0x0cd1be, 0x0cd1c6, 0x0cd1d2, 0x0cd1e6, 0x0cd1ee, 0x0cd1fe,
  0x0cd21e, 0x0cd22a, 0x0cd24a, 0x0cd252, 0x0cd25e, 0x0cd272, 0x0cd282, 0x0cd292, 0x0cd29a, 0x0cd2a2, 0x0cd2aa, 0x0cd2b6,
  0x0cd2be, 0x0cd2ca, 0x0cd2d2, 0x0cd2da, 0x0cd2e2, 0x0cd2ea, 0x0cd2f2, 0x0cd2fe, 0x0cd306, 0x0cd30e, 0x0cd31a, 0x0cd322,
  0x0cd32e, 0x0cd34e, 0x0cd356, 0x0cd362, 0x0cd36a, 0x0cd372, 0x0cd37a, 0x0cd386, 0x0cd38e, 0x0cd396, 0x0cd3a2, 0x0cd3be,
  0x0cd3ce, 0x0cd3da, 0x0cd3e2, 0x0cd3ea, 0x0cd3f2, 0x0cd3fa, 0x0cd402, 0x0cd40a, 0x0cd416, 0x0cd41e, 0x0cd426, 0x0cd42e,
  0x0cd43a, 0x0cd442, 0x0cd44e, 0x0cd462, 0x0cd46a, 0x0cd472, 0x0cd47a, 0x0cd486, 0x0cd48e, 0x0cd49a, 0x0cdd5a,
};

static const uint32_t mobd_x64_nulls_mute_02[] = {
  0x000034, 0x00003c, 0x000048, 0x000070, 0x00007c, 0x0000a4, 0x0000b0, 0x0000d8, 0x0000e4, 0x00010c, 0x000118, 0x000140,
  0x00014c, 0x000174, 0x000180, 0x0001a8, 0x0001b4, 0x0001dc, 0x0001e8, 0x000210, 0x00021c, 0x000252, 0x00025e, 0x000280,
  0x000294, 0x0002a0, 0x0002d6, 0x0002e2, 0x000318, 0x000324, 0x00035a, 0x000366, 0x00038e, 0x00039a, 0x0003d0, 0x0003dc,
  0x000412, 0x00041e, 0x000454, 0x000460, 0x000496, 0x0004a2, 0x0004d8, 0x0004e4, 0x00050c, 0x000518, 0x00054e, 0x00055a,
  0x00059a, 0x0005a6, 0x0005dc, 0x0005e8, 0x00061e, 0x00062a, 0x000660, 0x00066c, 0x0006a2, 0x0006ae, 0x0006e4, 0x0006f0,
  0x000726, 0x000732, 0x000768, 0x000774, 0x0007aa, 0x0007b6, 0x0007ec, 0x0007f8, 0x00082e, 0x00083a, 0x000870, 0x00087c,
  0x0008b2, 0x0008be, 0x0008f4, 0x000900, 0x000936, 0x000942, 0x000978, 0x000984, 0x0009ba, 0x0009c6, 0x0009fc, 0x000a08,
  0x000a3e, 0x000a4a, 0x000a80, 0x000a8c, 0x000ac2, 0x000ace, 0x000aff, 0x000b0b, 0x000b41, 0x000b4d, 0x000b83, 0x000b8f,
  0x000bc5, 0x000bd1, 0x000c07, 0x000c13, 0x000c49, 0x000c55, 0x000c7b, 0x000c8b, 0x000c97, 0x000ccd, 0x000cd9, 0x000d19,
  0x000d25, 0x000d5b, 0x000d67, 0x000d9d, 0x000da9, 0x000de1, 0x000ded, 0x000e1e, 0x000e2a, 0x000e60, 0x000e6c, 0x000ea2,
  0x000eae, 0x000edf, 0x000eeb, 0x000f1c, 0x000f28, 0x000f59, 0x000f65, 0x000f96, 0x000fa2, 0x000fc7, 0x000fd3, 0x000fdf,
  0x005492, 0x005496, 0x00549a, 0x00549e, 0x0054a2, 0x0054a6, 0x0054aa, 0x0054ae, 0x0054b2, 0x0054b6, 0x0054ba, 0x0dd126,
  0x0dd2fa, 0x0e17e7, 0x0e17eb, 0x0e17ef, 0x0e17f3, 0x0e180f, 0x0e1813, 0x0e1817, 0x0e181b, 0x0e181f, 0x0e1823, 0x0e1827,
  0x0e182b, 0x0e182f, 0x0e1833, 0x0e1837, 0x0e183b, 0x0e183f, 0x0e1843, 0x0e1847, 0x0e184b, 0x0e184f, 0x0e185f, 0x0e1863,
  0x0e1867, 0x0e186b, 0x0e1883, 0x0e1887, 0x0e188b, 0x0e188f, 0x0e1893, 0x0e1897, 0x0e189b, 0x0e189f, 0x0e18a7, 0x0e18ab,
  0x0e18af, 0x0e18b3, 0x0e18b7, 0x0e18bb, 0x0e18bf, 0x0e18c3, 0x0e18c7, 0x0e18cb, 0x0e18cf, 0x0e18d3, 0x0e18d7, 0x0e18db,
  0x0e18df, 0x0e18e3, 0x0e18ef, 0x0e18f3, 0x0e18f7, 0x0e18ff, 0x0e1903, 0x0e1907, 0x0e190b, 0x0e190f, 0x0e1913, 0x0e191b,
  0x0e191f, 0x0e1923, 0x0e1927, 0x0e192b, 0x0e192f, 0x0e1933, 0x0e1937, 0x0e193b, 0x0e193f, 0x0e1943, 0x0e1947, 0x0e194b,
  0x0e194f, 0x0e1953, 0x0e1957, 0x0e195b, 0x0e195f, 0x0e1963, 0x0e196b, 0x0e1973, 0x0e197b, 0x0e197f, 0x0e1983, 0x0e1987,
  0x0e198b, 0x0e1997, 0x0e199b, 0x0e199f, 0x0e19a3, 0x0e19a7, 0x0e19ab, 0x0e19af, 0x0e19b3, 0x0e19b7, 0x0e19bb, 0x0e19bf,
  0x0e19c3, 0x0e19c7, 0x0e19cb, 0x0e19cf, 0x0e19d3, 0x0e19d7, 0x0e19db, 0x0e19df, 0x0e19ef, 0x0e19f3, 0x0e19f7, 0x0e19fb,
  0x0e19ff, 0x0e1a0b, 0x0e1a1b, 0x0e1a1f, 0x0e1a23, 0x0e1a27, 0x0e1a2b, 0x0e1a2f, 0x0e1a33, 0x0e1a37, 0x0e1a3b, 0x0e1a3f,
  0x0e1a43, 0x0e1a47, 0x0e1a4b, 0x0e1a4f, 0x0e1a63, 0x0e1a67, 0x0e1a6b, 0x0e1a6f, 0x0e1a73, 0x0e1a7f, 0x0e1a8f, 0x0e1a93,
  0x0e1a97, 0x0e1a9b, 0x0e1a9f, 0x0e1aa3, 0x0e1aa7, 0x0e1aab, 0x0e1aaf, 0x0e1ab3, 0x0e1ab7, 0x0e1abb, 0x0e1abf, 0x0e1ac3,
  0x0e1ac7, 0x0e1ad3, 0x0e1ad7, 0x0e1adb, 0x0e1adf, 0x0e1ae3, 0x0e1af3, 0x0e1b03, 0x0e1b07, 0x0e1b0b, 0x0e1b0f, 0x0e1b17,
  0x0e1b1b, 0x0e1b1f, 0x0e1b23, 0x0e1b27, 0x0e1b2b, 0x0e1b2f, 0x0e1b33, 0x0e1b37, 0x0e1b3b, 0x0e1b3f, 0x0e1b43, 0x0e1b47,
  0x0e1b4b, 0x0e1b4f, 0x0e1b53, 0x0e1b57, 0x0e1b5b, 0x0e1b5f, 0x0e1b6b, 0x0e1b77, 0x0e1b7b, 0x0e1b7f, 0x0e1b83, 0x0e1b87,
  0x0e1b8b, 0x0e1b8f, 0x0e1b93, 0x0e1b97, 0x0e1b9b, 0x0e1b9f, 0x0e1ba3, 0x0e1ba7, 0x0e1bab, 0x0e1bb7, 0x0e1bc3, 0x0e1bc7,
  0x0e1bcb, 0x0e1bcf, 0x0e1bd3, 0x0e1bdf, 0x0e1beb, 0x0e1bef, 0x0e1bf3, 0x0e1bf7, 0x0e1bfb, 0x0e1bff, 0x0e1c03, 0x0e1c07,
  0x0e1c0b, 0x0e1c0f, 0x0e1c13, 0x0e1c17, 0x0e1c1b, 0x0e1c1f, 0x0e1c27, 0x0e1c2b, 0x0e1c37, 0x0e1c3b, 0x0e1c3f, 0x0e1c43,
  0x0e1c47, 0x0e1c53, 0x0e1c57, 0x0e1c5f, 0x0e1c63, 0x0e1c67, 0x0e1c6b, 0x0e1c6f, 0x0e1c73, 0x0e1c77, 0x0e1c7b, 0x0e1c7f,
  0x0e1c83, 0x0e1c87, 0x0e1c8b, 0x0e1c8f, 0x0e1c93, 0x0e1c9b, 0x0e1c9f, 0x0e1cab, 0x0e1caf, 0x0e1cb3, 0x0e1cb7, 0x0e1cbb,
  0x0e1cbf, 0x0e1cc3, 0x0e1cc7, 0x0e1ccb, 0x0e1ccf, 0x0e1cd3, 0x0e1cd7, 0x0e1cdb, 0x0e1cdf, 0x0e1ce3, 0x0e1ce7, 0x0e1ceb,
  0x0e1cef, 0x0e1cf3, 0x0e1cf7, 0x0e1cfb, 0x0e1cff, 0x0e1d03, 0x0e1d07, 0x0e1d0b, 0x0e1d0f, 0x0e1d13, 0x0e1d17, 0x0e1d1b,
  0x0e1d1f, 0x0e1d23, 0x0e1d27, 0x0e1d2b, 0x0e1d2f, 0x0e1d33, 0x0e1d37, 0x0e1d3b, 0x0e1d3f, 0x0e1d43, 0x0e1d4f, 0x0e1d57,
  0x0e1d5b, 0x0e1d5f, 0x0e1d63, 0x0e1d67, 0x0e1d6b, 0x0e1d6f, 0x0e1d73, 0x0e1d77, 0x0e1d7b, 0x0e1d7f, 0x0e1d83, 0x0e1d8f,
  0x0e1d93, 0x0e1d97, 0x0e1d9b, 0x0e1d9f, 0x0e1da3, 0x0e1da7, 0x0e1dab, 0x0e1dc3, 0x0e1dcb, 0x0e1dcf, 0x0e1dd3, 0x0e1dd7,
  0x0e1ddb, 0x0e1ddf, 0x0e1de3, 0x0e1de7, 0x0e1deb, 0x0e1def, 0x0e1df3, 0x0e1df7, 0x0e1e03, 0x0e1e07, 0x0e1e0b, 0x0e1e0f,
  0x0e1e13, 0x0e1e17, 0x0e1e1b, 0x0e1e1f, 0x0e1e37, 0x0e1e3f, 0x0e1e43, 0x0e1e47, 0x0e1e4b, 0x0e1e4f, 0x0e1e53, 0x0e1e57,
  0x0e1e5b, 0x0e1e5f, 0x0e1e63, 0x0e1e67, 0x0e1e6b, 0x0e1e6f, 0x0e1e77, 0x0e1e7b, 0x0e1e7f, 0x0e1e83, 0x0e1e87, 0x0e1e8b,
  0x0e1e8f, 0x0e1e93, 0x0e1eab, 0x0e1eaf, 0x0e1eb7, 0x0e1ebb, 0x0e1ebf, 0x0e1ec3, 0x0e1ec7, 0x0e1ecb, 0x0e1ecf, 0x0e1ed3,
  0x0e1ed7, 0x0e1edb, 0x0e1edf, 0x0e1ee3, 0x0e1eeb, 0x0e1eef, 0x0e1ef3, 0x0e1ef7, 0x0e1efb, 0x0e1eff, 0x0e1f03, 0x0e1f07,
  0x0e1f0f, 0x0e1f1b, 0x0e1f1f, 0x0e1f23, 0x0e1f27, 0x0e1f2b, 0x0e1f2f, 0x0e1f33, 0x0e1f37, 0x0e1f3b, 0x0e1f3f, 0x0e1f43,
  0x0e1f47, 0x0e1f4b, 0x0e1f4f, 0x0e1f53, 0x0e1f57, 0x0e1f5b, 0x0e1f5f, 0x0e1f63, 0x0e1f67, 0x0e1f6b, 0x0e1f6f, 0x0e1f73,
  0x0e1f77, 0x0e1f7b, 0x0e1f7f, 0x0e1f83, 0x0e1f8f, 0x0e1f93, 0x0e1f97, 0x0e1f9f, 0x0e1fa3, 0x0e1fa7, 0x0e1fab, 0x0e1faf,
  0x0e1fb3, 0x0e1fb7, 0x0e1fbb, 0x0e1fbf, 0x0e1fc3, 0x0e1fc7, 0x0e1fcb, 0x0e1fcf, 0x0e1fd3, 0x0e1fd7, 0x0e1fdb, 0x0e1fe3,
  0x0e1feb, 0x0e1fef, 0x0e1ff3, 0x0e1ff7, 0x0e1ffb, 0x0e1fff, 0x0e2003, 0x0e2007, 0x0e200b, 0x0e200f, 0x0e2013, 0x0e2017,
  0x0e201b, 0x0e201f, 0x0e2023, 0x0e2027, 0x0e202b, 0x0e2037, 0x0e203b, 0x0e203f, 0x0e2043, 0x0e2047, 0x0e204b, 0x0e204f,
  0x0e2057, 0x0e205b, 0x0e205f, 0x0e2063, 0x0e2067, 0x0e206b, 0x0e206f, 0x0e2073, 0x0e2077, 0x0e207b, 0x0e207f, 0x0e2097,
  0x0e209b, 0x0e209f, 0x0e20ab, 0x0e20af, 0x0e20b3, 0x0e20b7, 0x0e20bb, 0x0e20bf, 0x0e20c3, 0x0e20c7, 0x0e20cb, 0x0e20cf,
  0x0e20d7, 0x0e20db, 0x0e20df, 0x0e20e3, 0x0e20e7, 0x0e20eb, 0x0e20ef, 0x0e20f3, 0x0e210b, 0x0e2117, 0x0e211b, 0x0e211f,
  0x0e2123, 0x0e2127, 0x0e212b, 0x0e212f, 0x0e2133, 0x0e2137, 0x0e213b, 0x0e213f, 0x0e2143, 0x0e2147, 0x0e214b, 0x0e214f,
  0x0e2153, 0x0e2157, 0x0e215f, 0x0e2163, 0x0e2167, 0x0e217f, 0x0e218b, 0x0e218f, 0x0e2193, 0x0e2197, 0x0e219b, 0x0e219f,
  0x0e21a3, 0x0e21a7, 0x0e21ab, 0x0e21af, 0x0e21b3, 0x0e21b7, 0x0e21bb, 0x0e21bf, 0x0e21c3, 0x0e21c7, 0x0e21cb, 0x0e21d3,
  0x0e21d7, 0x0e21db, 0x0e21df, 0x0e21e3, 0x0e21f7, 0x0e21fb, 0x0e21ff, 0x0e2203, 0x0e2207, 0x0e220b, 0x0e220f, 0x0e2213,
  0x0e2217, 0x0e221b, 0x0e221f, 0x0e2223, 0x0e2227, 0x0e222b, 0x0e222f, 0x0e2233, 0x0e2237, 0x0e223b, 0x0e223f, 0x0e2243,
  0x0e2247, 0x0e224b, 0x0e224f, 0x0e2253, 0x0e2257, 0x0e225b, 0x0e225f, 0x0e226b, 0x0e226f, 0x0e2273, 0x0e2277, 0x0e2283,
  0x0e2287, 0x0e228b, 0x0e228f, 0x0e2293, 0x0e2297, 0x0e229b, 0x0e229f, 0x0e22a3, 0x0e22a7, 0x0e22ab, 0x0e22af, 0x0e22b3,
  0x0e22b7, 0x0e22bb, 0x0e22bf, 0x0e22c3, 0x0e22c7, 0x0e22cb, 0x0e22cf, 0x0e22df, 0x0e22e3, 0x0e22e7, 0x0e22eb, 0x0e22f7,
  0x0e22fb, 0x0e22ff, 0x0e2303, 0x0e2307, 0x0e230b, 0x0e230f, 0x0e2313, 0x0e2317, 0x0e231b, 0x0e231f, 0x0e2323, 0x0e2327,
  0x0e232b, 0x0e232f, 0x0e2337, 0x0e233b, 0x0e233f, 0x0e2343, 0x0e2347, 0x0e234b, 0x0e234f, 0x0e2353, 0x0e2357, 0x0e235b,
  0x0e235f, 0x0e2363, 0x0e2367, 0x0e236b, 0x0e236f, 0x0e2373, 0x0e2377, 0x0e237b, 0x0e237f, 0x0e2383, 0x0e2387, 0x0e238b,
  0x0e238f, 0x0e2393, 0x0e2397, 0x0e239b, 0x0e239f, 0x0e23a3, 0x0e23ab, 0x0e23af, 0x0e23b3, 0x0e23b7, 0x0e23bb, 0x0e23bf,
  0x0e23c3, 0x0e23c7, 0x0e23cb, 0x0e23cf, 0x0e23d3, 0x0e23d7, 0x0e23db, 0x0e23df, 0x0e23e3, 0x0e23e7, 0x0e23eb, 0x0e23ef,
  0x0e23f3, 0x0e23f7, 0x0e23fb, 0x0e23ff, 0x0e2403, 0x0e2407, 0x0e240b, 0x0e240f, 0x0e2413, 0x0e2417, 0x0e241f, 0x0e2423,
  0x0e2427, 0x0e242b, 0x0e242f, 0x0e2433, 0x0e2437, 0x0e243b, 0x0e2447, 0x0e244b, 0x0e244f, 0x0e245f, 0x0e2463, 0x0e2467,
  0x0e246b, 0x0e246f, 0x0e2473, 0x0e2477, 0x0e2483, 0x0e2487, 0x0e248b, 0x0e248f, 0x0e2493, 0x0e2497, 0x0e249b, 0x0e249f,
  0x0e24a3, 0x0e24bb, 0x0e24bf, 0x0e24d7, 0x0e24e3, 0x0e24e7, 0x0e24f7, 0x0e24fb, 0x0e24ff, 0x0e2507, 0x0e250b, 0x0e250f,
  0x0e2517, 0x0e252f, 0x0e2533, 0x0e254b, 0x0e2567, 0x0e256b, 0x0e256f, 0x0e2573, 0x0e257b, 0x0e257f, 0x0e2583, 0x0e258b,
  0x0e25a3, 0x0e25a7, 0x0e25bb, 0x0e25bf, 0x0e25c3, 0x0e25c7, 0x0e25e3, 0x0e25e7, 0x0e25ef, 0x0e25f3, 0x0e25ff, 0x0e2607,
  0x0e2613, 0x0e2617, 0x0e2623, 0x0e2627, 0x0e263b, 0x0e263f, 0x0e2657, 0x0e265b, 0x0e265f, 0x0e2663, 0x0e2673, 0x0e2677,
  0x0e267b, 0x0e2687, 0x0e268b, 0x0e26af, 0x0e26cb, 0x0e26cf, 0x0e26d3, 0x0e26d7, 0x0e26e3, 0x0e26e7, 0x0e26eb, 0x0e26ef,
  0x0e26f3, 0x0e26f7, 0x0e26fb, 0x0e26ff, 0x0e2703, 0x0e2713, 0x0e273f, 0x0e2743, 0x0e2747, 0x0e274b, 0x0e274f, 0x0e2753,
  0x0e2757, 0x0e275b, 0x0e275f, 0x0e2763, 0x0e2767, 0x0e276b, 0x0e276f, 0x0e2773, 0x0e2793, 0x0e2797, 0x0e279b, 0x0e279f,
  0x0e27a3, 0x0e27a7, 0x0e27ab, 0x0e27af, 0x0e27b3, 0x0e27b7, 0x0e27db, 0x0e27e7, 0x0e27ef, 0x0e27f7, 0x0e27ff, 0x0e280b,
  0x0e281f, 0x0e2827, 0x0e282f, 0x0e2837, 0x0e2843, 0x0e284b, 0x0e2853, 0x0e285b, 0x0e2867, 0x0e286f, 0x0e287b, 0x0e288f,
  0x0e289b, 0x0e28db, 0x0e28ef, 0x0e28ff, 0x0e292b, 0x0e293b, 0x0e294b, 0x0e2957, 0x0e295f, 0x0e296b, 0x0e298b, 0x0e2993,
  0x0e299f, 0x0e29b3, 0x0e29bb, 0x0e29c3, 0x0e29cb, 0x0e29d3, 0x0e29db, 0x0e29e3, 0x0e29ef, 0x0e29ff, 0x0e2a13, 0x0e2a27,
  0x0e2a2f, 0x0e2a3b, 0x0e2a4b, 0x0e2a6b, 0x0e2a77, 0x0e2a7f, 0x0e2a8b, 0x0e2a93, 0x0e2a9b, 0x0e2aa3, 0x0e2aab, 0x0e2ab7,
  0x0e2abf, 0x0e2acb, 0x0e2ad3, 0x0e2adf, 0x0e2ae7, 0x0e2aef, 0x0e2afb, 0x0e2b0b, 0x0e2b1f, 0x0e2b27, 0x0e2b2f, 0x0e2b37,
  0x0e2b3f, 0x0e2b4b, 0x0e2b5f, 0x0e2b67, 0x0e2b6f, 0x0e2b77, 0x0e2b7f, 0x0e2b87, 0x0e2b8f, 0x0e2b97, 0x0e2ba3, 0x0e2bb7,
  0x0e2bbf, 0x0e2bc7, 0x0e2bd3, 0x0e2bdb, 0x0e2be3, 0x0e2bef, 0x0e2bf7, 0x0e2bff, 0x0e2c07, 0x0e2c0f, 0x0e2c1b, 0x0e2c23,
  0x0e2c2f, 0x0e2c5b, 0x0e2c63, 0x0e2c6b, 0x0e2c73, 0x0e2c7f, 0x0e2c93, 0x0e2c9f, 0x0e2ca7, 0x0e2cb3, 0x0e2cbb, 0x0e2cc3,
  0x0e2ccb, 0x0e2cd7, 0x0e2cdf, 0x0e2ceb, 0x0e2cfb, 0x0e2d0b, 0x0e2d13, 0x0e2d1f, 0x0e2d27, 0x0e3e6f,
};

static const uint32_t mobd_x64_nulls_mlti_01[] = {
  0x000034, 0x00003c, 0x000048, 0x000070, 0x00007c, 0x0000a4, 0x0000b0, 0x0000d8, 0x0000e4, 0x00010c, 0x000118, 0x000140,
  0x00014c, 0x000174, 0x000180, 0x0001a8, 0x0001b4, 0x0001dc, 0x0001e8, 0x000210, 0x00021c, 0x000252, 0x00025e, 0x000294,
  0x0002a0, 0x0002c6, 0x0002d6, 0x0002e2, 0x00030a, 0x000316, 0x00034c, 0x000358, 0x00038e, 0x00039a, 0x0003d0, 0x0003dc,
  0x000412, 0x00041e, 0x000454, 0x000460, 0x000496, 0x0004a2, 0x0004d8, 0x0004e4, 0x00051a, 0x000526, 0x00055c, 0x000568,
  0x00059e, 0x0005aa, 0x0005ea, 0x0005f6, 0x00062c, 0x000638, 0x00066e, 0x00067a, 0x0006b0, 0x0006bc, 0x0006f2, 0x0006fe,
  0x000734, 0x000740, 0x000776, 0x000782, 0x0007c2, 0x0007ce, 0x0007ff, 0x00080b, 0x00083c, 0x000848, 0x00087e, 0x00088a,
  0x0008c2, 0x0008ce, 0x0008ff, 0x00090b, 0x00093c, 0x000948, 0x000979, 0x000985, 0x0009b6, 0x0009c2, 0x0009fa, 0x000a06,
  0x000a3c, 0x000a48, 0x000a7e, 0x000a8a, 0x000ac0, 0x000acc, 0x000b02, 0x000b0e, 0x000b44, 0x000b50, 0x000b86, 0x000b92,
  0x000bc8, 0x000bd4, 0x000c0a, 0x000c16, 0x000c4c, 0x000c58, 0x000c8e, 0x000c9a, 0x000ccb, 0x000cd7, 0x000d08, 0x000d14,
  0x000d45, 0x000d51, 0x000d82, 0x000d8e, 0x000dbf, 0x000dcb, 0x000dfc, 0x000e08, 0x000e39, 0x000e45, 0x000e7b, 0x000e87,
  0x000eb8, 0x000ec4, 0x000ef5, 0x000f01, 0x000f32, 0x000f3e, 0x000f6f, 0x000f7b, 0x000fac, 0x000fb8, 0x000fe9, 0x000ff5,
  0x00102b, 0x001037, 0x001068, 0x001074, 0x0010a5, 0x0010b1, 0x0010e2, 0x0010ee, 0x00111f, 0x00112b, 0x00115c, 0x001168,
  0x001199, 0x0011a5, 0x0011d6, 0x0011e2, 0x001218, 0x001224, 0x00125a, 0x001266, 0x00129c, 0x0012a8, 0x0012de, 0x0012ea,
  0x001320, 0x00132c, 0x001362, 0x00136e, 0x0013a4, 0x0013b0, 0x0013e6, 0x0013f2, 0x001428, 0x001434, 0x00146a, 0x001476,
  0x0014ac, 0x0014b8, 0x0014ee, 0x0014fa, 0x001530, 0x00153c, 0x001572, 0x00157e, 0x0015b4, 0x0015c0, 0x0015f6, 0x001602,
  0x001638, 0x001644, 0x00167a, 0x001686, 0x0016bc, 0x0016c8, 0x0016fe, 0x00170a, 0x001740, 0x00174c, 0x00178c, 0x001798,
  0x0017c9, 0x0017d5, 0x001806, 0x001812, 0x001843, 0x00184f, 0x001887, 0x001893, 0x0018c9, 0x0018d5, 0x00190b, 0x001917,
  0x00194d, 0x001959, 0x00198f, 0x00199b, 0x0019cc, 0x0019d8, 0x001a09, 0x001a15, 0x001a46, 0x001a52, 0x001a83, 0x001a8f,
  0x001ac0, 0x001acc, 0x001afd, 0x001b09, 0x001b3a, 0x001b46, 0x001b77, 0x001b83, 0x001bb4, 0x001bc0, 0x001bf1, 0x001bfd,
  0x001c2e, 0x001c3a, 0x001c6b, 0x001c77, 0x001ca8, 0x001cb4, 0x001ce5, 0x001cf1, 0x001d22, 0x001d2e, 0x001d64, 0x001d70,
  0x001da1, 0x001dad, 0x001dde, 0x001dea, 0x001e1b, 0x001e27, 0x001e58, 0x001e64, 0x001e95, 0x001ea1, 0x001ed7, 0x001ee3,
  0x001f19, 0x001f25, 0x001f5b, 0x001f67, 0x001f98, 0x001fa4, 0x001fd5, 0x001fe1, 0x002019, 0x002025, 0x002056, 0x002062,
  0x002098, 0x0020a4, 0x0020da, 0x0020e6, 0x002126, 0x002132, 0x002168, 0x002174, 0x0021aa, 0x0021b6, 0x0021ec, 0x0021f8,
  0x00222e, 0x00223a, 0x002270, 0x00227c, 0x0022b2, 0x0022be, 0x0022f4, 0x002300, 0x002336, 0x002342, 0x002378, 0x002384,
  0x0023ba, 0x0023c6, 0x0023fc, 0x002408, 0x00243e, 0x00244a, 0x00246c, 0x002480, 0x00248c, 0x0024c2, 0x0024ce, 0x002504,
  0x002510, 0x002546, 0x002552, 0x002588, 0x002594, 0x0025ca, 0x0025d6, 0x00260c, 0x002618, 0x00264e, 0x00265a, 0x002690,
  0x00269c, 0x0026d2, 0x0026de, 0x002714, 0x002720, 0x002756, 0x002762, 0x002798, 0x0027a4, 0x0027da, 0x0027e6, 0x00281c,
  0x002828, 0x00285e, 0x00286a, 0x0028aa, 0x0028b6, 0x0028ec, 0x0028f8, 0x00292e, 0x00293a, 0x002970, 0x00297c, 0x0029b2,
  0x0029be, 0x0029f6, 0x002a02, 0x002a33, 0x002a3f, 0x002a70, 0x002a7c, 0x002aad, 0x002ab9, 0x002aef, 0x002afb, 0x002b31,
  0x002b3d, 0x002b73, 0x002b7f, 0x002bb7, 0x002bc3, 0x002bf4, 0x002c00, 0x002c31, 0x002c3d, 0x002c6e, 0x002c7a, 0x002cb0,
  0x002cbc, 0x002cf2, 0x002cfe, 0x002d34, 0x002d40, 0x002d76, 0x002d82, 0x002db8, 0x002dc4, 0x002e04, 0x002e10, 0x002e46,
  0x002e52, 0x002e88, 0x002e94, 0x002eca, 0x002ed6, 0x002f00, 0x002f0c, 0x002f18, 0x0082b5, 0x0082b9, 0x0082bd, 0x0082c1,
  0x0082c5, 0x0082c9, 0x0082cd, 0x0082d1, 0x0082d5, 0x0082d9, 0x0082dd, 0x0082e1, 0x0082e5, 0x0082e9, 0x0082ed, 0x0082f1,
  0x157169, 0x15733d, 0x15b836, 0x15b83a, 0x15b846, 0x15b85a, 0x15b85e, 0x15b866, 0x15b86a, 0x15b86e, 0x15b872, 0x15b886,
  0x15b88a, 0x15b88e, 0x15b892, 0x15b896, 0x15b89a, 0x15b89e, 0x15b8a2, 0x15b8aa, 0x15b8be, 0x15b8c2, 0x15b8ca, 0x15b8ce,
  0x15b8d2, 0x15b8d6, 0x15b8da, 0x15b8ea, 0x15b8ee, 0x15b8f2, 0x15b8f6, 0x15b8fa, 0x15b8fe, 0x15b902, 0x15b906, 0x15b90e,
  0x15b912, 0x15b916, 0x15b926, 0x15b936, 0x15b93a, 0x15b93e, 0x15b942, 0x15b952, 0x15b956, 0x15b95a, 0x15b95e, 0x15b962,
  0x15b966, 0x15b96a, 0x15b972, 0x15b976, 0x15b97a, 0x15b97e, 0x15b98a, 0x15b98e, 0x15b992, 0x15b996, 0x15b99a, 0x15b99e,
  0x15b9a2, 0x15b9a6, 0x15b9aa, 0x15b9ae, 0x15b9b6, 0x15b9ba, 0x15b9be, 0x15b9c2, 0x15b9c6, 0x15b9ca, 0x15b9ce, 0x15b9d6,
  0x15b9da, 0x15b9de, 0x15b9e2, 0x15b9e6, 0x15b9ea, 0x15b9ee, 0x15b9f2, 0x15b9f6, 0x15b9fa, 0x15b9fe, 0x15ba02, 0x15ba06,
  0x15ba0a, 0x15ba0e, 0x15ba12, 0x15ba16, 0x15ba1a, 0x15ba1e, 0x15ba22, 0x15ba26, 0x15ba3a, 0x15ba3e, 0x15ba42, 0x15ba46,
  0x15ba4a, 0x15ba4e, 0x15ba52, 0x15ba56, 0x15ba5a, 0x15ba5e, 0x15ba62, 0x15ba66, 0x15ba6a, 0x15ba6e, 0x15ba72, 0x15ba76,
  0x15ba7a, 0x15ba7e, 0x15ba82, 0x15ba86, 0x15ba8a, 0x15ba9e, 0x15baa2, 0x15baa6, 0x15baaa, 0x15baae, 0x15bab2, 0x15bab6,
  0x15baba, 0x15babe, 0x15bac2, 0x15bac6, 0x15baca, 0x15bace, 0x15bad2, 0x15bad6, 0x15bada, 0x15bade, 0x15bae2, 0x15bae6,
  0x15baea, 0x15baee, 0x15baf2, 0x15bb02, 0x15bb06, 0x15bb0a, 0x15bb0e, 0x15bb12, 0x15bb16, 0x15bb1a, 0x15bb26, 0x15bb2a,
  0x15bb2e, 0x15bb32, 0x15bb36, 0x15bb3a, 0x15bb3e, 0x15bb42, 0x15bb46, 0x15bb4a, 0x15bb4e, 0x15bb52, 0x15bb56, 0x15bb5a,
  0x15bb5e, 0x15bb6e, 0x15bb72, 0x15bb76, 0x15bb7a, 0x15bb7e, 0x15bb8e, 0x15bb92, 0x15bb96, 0x15bb9a, 0x15bb9e, 0x15bba2,
  0x15bba6, 0x15bbaa, 0x15bbae, 0x15bbb6, 0x15bbba, 0x15bbd2, 0x15bbd6, 0x15bbda, 0x15bbde, 0x15bbe2, 0x15bc0a, 0x15bc0e,
  0x15bc12, 0x15bc26, 0x15bc2a, 0x15bc2e, 0x15bc32, 0x15bc36, 0x15bc3a, 0x15bc3e, 0x15bc42, 0x15bc46, 0x15bc4a, 0x15bc4e,
  0x15bc52, 0x15bc6e, 0x15bc72, 0x15bc76, 0x15bc8a, 0x15bc8e, 0x15bc92, 0x15bc96, 0x15bc9a, 0x15bc9e, 0x15bca2, 0x15bca6,
  0x15bcaa, 0x15bcae, 0x15bcb2, 0x15bcb6, 0x15bcba, 0x15bcbe, 0x15bcc2, 0x15bcc6, 0x15bcca, 0x15bcce, 0x15bcd2, 0x15bcd6,
  0x15bcda, 0x15bcde, 0x15bce2, 0x15bce6, 0x15bcea, 0x15bcee, 0x15bcf2, 0x15bcf6, 0x15bcfa, 0x15bcfe, 0x15bd02, 0x15bd06,
  0x15bd0a, 0x15bd0e, 0x15bd12, 0x15bd16, 0x15bd1a, 0x15bd1e, 0x15bd22, 0x15bd26, 0x15bd2a, 0x15bd2e, 0x15bd32, 0x15bd36,
  0x15bd3a, 0x15bd3e, 0x15bd42, 0x15bd46, 0x15bd4a, 0x15bd4e, 0x15bd52, 0x15bd62, 0x15bd66, 0x15bd6a, 0x15bd6e, 0x15bd72,
  0x15bd76, 0x15bd7a, 0x15bd7e, 0x15bd82, 0x15bd86, 0x15bd8a, 0x15bd8e, 0x15bd92, 0x15bd96, 0x15bd9a, 0x15bd9e, 0x15bda2,
  0x15bda6, 0x15bdaa, 0x15bdae, 0x15bdd2, 0x15bdd6, 0x15bdda, 0x15bdde, 0x15bde2, 0x15bde6, 0x15bdea, 0x15bdee, 0x15bdf2,
  0x15bdf6, 0x15bdfa, 0x15bdfe, 0x15be02, 0x15be06, 0x15be0a, 0x15be0e, 0x15be12, 0x15be36, 0x15be3a, 0x15be46, 0x15be4a,
  0x15be4e, 0x15be52, 0x15be56, 0x15be5a, 0x15be5e, 0x15be62, 0x15be66, 0x15be6a, 0x15be6e, 0x15be72, 0x15be76, 0x15be9e,
  0x15beaa, 0x15beae, 0x15beb2, 0x15beb6, 0x15beba, 0x15bebe, 0x15bec2, 0x15bec6, 0x15beca, 0x15bece, 0x15bed2, 0x15bed6,
  0x15beda, 0x15bede, 0x15bee2, 0x15bef2, 0x15bef6, 0x15befa, 0x15befe, 0x15bf02, 0x15bf06, 0x15bf0a, 0x15bf0e, 0x15bf12,
  0x15bf16, 0x15bf1a, 0x15bf1e, 0x15bf22, 0x15bf26, 0x15bf2a, 0x15bf2e, 0x15bf32, 0x15bf36, 0x15bf3a, 0x15bf3e, 0x15bf42,
  0x15bf46, 0x15bf4a, 0x15bf4e, 0x15bf52, 0x15bf56, 0x15bf5a, 0x15bf5e, 0x15bf6a, 0x15bf6e, 0x15bf86, 0x15bf8a, 0x15bf8e,
  0x15bf92, 0x15bf96, 0x15bf9a, 0x15bf9e, 0x15bfa2, 0x15bfa6, 0x15bfb2, 0x15bfb6, 0x15bfba, 0x15bfbe, 0x15bfc2, 0x15bfd6,
  0x15bfee, 0x15bff2, 0x15bff6, 0x15bffa, 0x15bffe, 0x15c002, 0x15c006, 0x15c00a, 0x15c00e, 0x15c022, 0x15c026, 0x15c02a,
  0x15c02e, 0x15c03a, 0x15c03e, 0x15c04a, 0x15c04e, 0x15c052, 0x15c056, 0x15c05a, 0x15c05e, 0x15c062, 0x15c066, 0x15c06a,
  0x15c06e, 0x15c072, 0x15c076, 0x15c07a, 0x15c07e, 0x15c08a, 0x15c08e, 0x15c092, 0x15c096, 0x15c09a, 0x15c09e, 0x15c0a2,
  0x15c0a6, 0x15c0ba, 0x15c0be, 0x15c0c2, 0x15c0c6, 0x15c0ca, 0x15c0ce, 0x15c0d2, 0x15c0d6, 0x15c0da, 0x15c0de, 0x15c0e2,
  0x15c0e6, 0x15c0ee, 0x15c0f2, 0x15c102, 0x15c106, 0x15c10a, 0x15c10e, 0x15c112, 0x15c116, 0x15c11a, 0x15c11e, 0x15c122,
  0x15c126, 0x15c12a, 0x15c12e, 0x15c132, 0x15c136, 0x15c13a, 0x15c13e, 0x15c142, 0x15c146, 0x15c14a, 0x15c152, 0x15c156,
  0x15c166, 0x15c16e, 0x15c17e, 0x15c182, 0x15c186, 0x15c18a, 0x15c18e, 0x15c192, 0x15c196, 0x15c19a, 0x15c19e, 0x15c1a2,
  0x15c1a6, 0x15c1aa, 0x15c1b6, 0x15c1ba, 0x15c1be, 0x15c1c2, 0x15c1c6, 0x15c1ca, 0x15c1ce, 0x15c1d2, 0x15c1e2, 0x15c1e6,
  0x15c1ea, 0x15c1ee, 0x15c1f2, 0x15c1f6, 0x15c1fa, 0x15c1fe, 0x15c202, 0x15c206, 0x15c20a, 0x15c216, 0x15c21a, 0x15c21e,
  0x15c222, 0x15c22e, 0x15c232, 0x15c242, 0x15c246, 0x15c24a, 0x15c24e, 0x15c252, 0x15c256, 0x15c25a, 0x15c25e, 0x15c262,
  0x15c266, 0x15c26a, 0x15c26e, 0x15c272, 0x15c276, 0x15c27a, 0x15c27e, 0x15c282, 0x15c286, 0x15c296, 0x15c2a6, 0x15c2aa,
  0x15c2b6, 0x15c2ba, 0x15c2be, 0x15c2c2, 0x15c2c6, 0x15c2ca, 0x15c2ce, 0x15c2d2, 0x15c2d6, 0x15c2da, 0x15c2de, 0x15c2e2,
  0x15c2e6, 0x15c2ea, 0x15c2ee, 0x15c2f2, 0x15c2f6, 0x15c2fa, 0x15c2fe, 0x15c302, 0x15c30e, 0x15c322, 0x15c326, 0x15c32a,
  0x15c332, 0x15c336, 0x15c33a, 0x15c33e, 0x15c342, 0x15c346, 0x15c35e, 0x15c362, 0x15c366, 0x15c372, 0x15c396, 0x15c39a,
  0x15c39e, 0x15c3a2, 0x15c3a6, 0x15c3aa, 0x15c3c2, 0x15c3d6, 0x15c3ee, 0x15c3f2, 0x15c3f6, 0x15c3fa, 0x15c3fe, 0x15c402,
  0x15c406, 0x15c40a, 0x15c40e, 0x15c412, 0x15c416, 0x15c41a, 0x15c41e, 0x15c422, 0x15c426, 0x15c43a, 0x15c44e, 0x15c452,
  0x15c456, 0x15c45a, 0x15c45e, 0x15c462, 0x15c466, 0x15c46a, 0x15c48a, 0x15c49e, 0x15c4aa, 0x15c4ae, 0x15c4b2, 0x15c4b6,
  0x15c4ba, 0x15c4be, 0x15c4c2, 0x15c4c6, 0x15c4ca, 0x15c4ce, 0x15c4ee, 0x15c50e, 0x15c512, 0x15c516, 0x15c51a, 0x15c51e,
  0x15c522, 0x15c526, 0x15c52a, 0x15c52e, 0x15c532, 0x15c536, 0x15c53a, 0x15c53e, 0x15c542, 0x15c546, 0x15c54a, 0x15c54e,
  0x15c552, 0x15c566, 0x15c56a, 0x15c56e, 0x15c572, 0x15c576, 0x15c57a, 0x15c57e, 0x15c582, 0x15c586, 0x15c58a, 0x15c58e,
  0x15c592, 0x15c5a6, 0x15c5aa, 0x15c5ae, 0x15c5b2, 0x15c5b6, 0x15c5ba, 0x15c5ca, 0x15c5ce, 0x15c5d2, 0x15c5d6, 0x15c5da,
  0x15c5de, 0x15c5e2, 0x15c5e6, 0x15c5ea, 0x15c5ee, 0x15c5f2, 0x15c5f6, 0x15c5fa, 0x15c5fe, 0x15c602, 0x15c60e, 0x15c612,
  0x15c616, 0x15c61a, 0x15c61e, 0x15c622, 0x15c626, 0x15c62a, 0x15c62e, 0x15c632, 0x15c636, 0x15c63a, 0x15c63e, 0x15c642,
  0x15c646, 0x15c64a, 0x15c64e, 0x15c652, 0x15c656, 0x15c65a, 0x15c65e, 0x15c662, 0x15c666, 0x15c66a, 0x15c672, 0x15c676,
  0x15c67a, 0x15c67e, 0x15c682, 0x15c686, 0x15c68a, 0x15c68e, 0x15c692, 0x15c696, 0x15c69a, 0x15c69e, 0x15c6a2, 0x15c6a6,
  0x15c6ba, 0x15c6be, 0x15c6c2, 0x15c6c6, 0x15c6ca, 0x15c6ce, 0x15c6d6, 0x15c6da, 0x15c6de, 0x15c6e2, 0x15c6e6, 0x15c6fa,
  0x15c6fe, 0x15c702, 0x15c706, 0x15c70a, 0x15c726, 0x15c72a, 0x15c72e, 0x15c732, 0x15c73a, 0x15c73e, 0x15c742, 0x15c746,
  0x15c74a, 0x15c75e, 0x15c762, 0x15c766, 0x15c76a, 0x15c76e, 0x15c78a, 0x15c79e, 0x15c7a2, 0x15c7a6, 0x15c7aa, 0x15c7ae,
  0x15c7b2, 0x15c7b6, 0x15c7d2, 0x15c7ee, 0x15c802, 0x15c806, 0x15c80a, 0x15c80e, 0x15c812, 0x15c816, 0x15c81a, 0x15c81e,
  0x15c822, 0x15c826, 0x15c836, 0x15c83a, 0x15c83e, 0x15c842, 0x15c846, 0x15c84a, 0x15c84e, 0x15c852, 0x15c856, 0x15c86e,
  0x15c872, 0x15c876, 0x15c87a, 0x15c87e, 0x15c882, 0x15c886, 0x15c88a, 0x15c896, 0x15c89a, 0x15c89e, 0x15c8a2, 0x15c8a6,
  0x15c8aa, 0x15c8ae, 0x15c8b2, 0x15c8b6, 0x15c8ba, 0x15c8be, 0x15c8c2, 0x15c8c6, 0x15c8ca, 0x15c8da, 0x15c8de, 0x15c8e2,
  0x15c8e6, 0x15c8ea, 0x15c8ee, 0x15c8fa, 0x15c8fe, 0x15c902, 0x15c906, 0x15c90a, 0x15c90e, 0x15c912, 0x15c916, 0x15c91a,
  0x15c91e, 0x15c922, 0x15c926, 0x15c92a, 0x15c92e, 0x15c932, 0x15c936, 0x15c93a, 0x15c93e, 0x15c942, 0x15c946, 0x15c94a,
  0x15c94e, 0x15c952, 0x15c956, 0x15c95a, 0x15c95e, 0x15c962, 0x15c972, 0x15c976, 0x15c97a, 0x15c992, 0x15c996, 0x15c99a,
  0x15c99e, 0x15c9a2, 0x15c9a6, 0x15c9aa, 0x15c9ae, 0x15c9b2, 0x15c9b6, 0x15c9ba, 0x15c9be, 0x15c9c2, 0x15c9c6, 0x15c9d6,
  0x15c9da, 0x15c9de, 0x15c9e2, 0x15c9fe, 0x15ca02, 0x15ca06, 0x15ca0a, 0x15ca0e, 0x15ca12, 0x15ca16, 0x15ca1a, 0x15ca1e,
  0x15ca22, 0x15ca26, 0x15ca2a, 0x15ca2e, 0x15ca32, 0x15ca36, 0x15ca3a, 0x15ca3e, 0x15ca42, 0x15ca46, 0x15ca4a, 0x15ca6a,
  0x15ca6e, 0x15ca72, 0x15ca76, 0x15ca7a, 0x15ca7e, 0x15ca82, 0x15ca86, 0x15ca8a, 0x15ca8e, 0x15ca92, 0x15ca96, 0x15ca9a,
  0x15ca9e, 0x15caa2, 0x15caa6, 0x15caaa, 0x15caae, 0x15cab2, 0x15cab6, 0x15cace, 0x15cad2, 0x15cad6, 0x15cada, 0x15cade,
  0x15cae2, 0x15cae6, 0x15caea, 0x15caee, 0x15caf2, 0x15caf6, 0x15cafa, 0x15cafe, 0x15cb02, 0x15cb06, 0x15cb0a, 0x15cb0e,
  0x15cb12, 0x15cb16, 0x15cb1a, 0x15cb26, 0x15cb2a, 0x15cb2e, 0x15cb32, 0x15cb36, 0x15cb3a, 0x15cb3e, 0x15cb42, 0x15cb46,
  0x15cb4a, 0x15cb4e, 0x15cb52, 0x15cb56, 0x15cb5a, 0x15cb5e, 0x15cb62, 0x15cb66, 0x15cb6a, 0x15cb8a, 0x15cb8e, 0x15cb92,
  0x15cb96, 0x15cb9a, 0x15cb9e, 0x15cba2, 0x15cba6, 0x15cbc2, 0x15cbd6, 0x15cbde, 0x15cbe6, 0x15cbee, 0x15cbfa, 0x15cc02,
  0x15cc0a, 0x15cc16, 0x15cc42, 0x15cc4e, 0x15cc62, 0x15cc72, 0x15cc82, 0x15cc8a, 0x15cc96, 0x15cc9e, 0x15ccaa, 0x15ccbe,
  0x15ccca, 0x15ccde, 0x15ccea, 0x15ccf2, 0x15ccfe, 0x15cd06, 0x15cd0e, 0x15cd1a, 0x15cd22, 0x15cd2e, 0x15cd36, 0x15cd3e,
  0x15cd46, 0x15cd4e, 0x15cd5a, 0x15cd62, 0x15cd6a, 0x15cd76, 0x15cd7e, 0x15cd86, 0x15cd8e, 0x15cd96, 0x15cda2, 0x15cdaa,
  0x15cdb6, 0x15cdca, 0x15cdd2, 0x15cdda, 0x15cde2, 0x15cdea, 0x15cdf6, 0x15ce0a, 0x15ce16, 0x15ce32, 0x15ce42, 0x15ce4a,
  0x15ce52, 0x15ce62, 0x15ce8a, 0x15ce9e, 0x15cea6, 0x15ceae, 0x15cebe, 0x15cece, 0x15ced6, 0x15cede, 0x15ceea, 0x15cef2,
  0x15cefe, 0x15cf06, 0x15cf0e, 0x15cf16, 0x15cf1e, 0x15cf2a, 0x15cf32, 0x15cf3a, 0x15cf42, 0x15cf4a, 0x15cf52, 0x15cf5a,
  0x15cf6a, 0x15cf7e, 0x15cf9e, 0x15cfa6, 0x15cfae, 0x15cfba, 0x15cfce, 0x15cfd6, 0x15cfde, 0x15cfea, 0x15cff2, 0x15cffe,
  0x15d006, 0x15d012, 0x15d022, 0x15d036, 0x15d03e, 0x15d046, 0x15d052, 0x15d066, 0x15d06e, 0x15d076, 0x15d082, 0x15d08a,
  0x15d092, 0x15d09e, 0x15d0a6, 0x15d0b2, 0x15d0ba, 0x15d0c6, 0x15d0da, 0x15d0e6, 0x15d0ee, 0x15d0f6, 0x15d0fe, 0x15d10a,
  0x15d112, 0x15d11a, 0x15d126, 0x15d12e, 0x15d13a, 0x15d142, 0x15d14e, 0x15d16e, 0x15d17a, 0x15d182, 0x15d18e, 0x15d196,
  0x15d1a2, 0x15d1aa, 0x15d1b6, 0x15d1ca, 0x15d1d2, 0x15d1de, 0x15d1e6, 0x15d1ee, 0x15d1f6, 0x15d202, 0x15d20a, 0x15d212,
  0x15d21a, 0x15d222, 0x15d22e, 0x15d236, 0x15d23e, 0x15d246, 0x15d252, 0x15d27e, 0x15d286, 0x15d28e, 0x15d29a, 0x15d2a2,
  0x15d2aa, 0x15d2b6, 0x15d2d2, 0x15e46e,
};

typedef struct {
  size_t data_size;        // identifies the container
  const uint32_t *offsets; // extra null slots to widen (value 0)
  size_t count;
} MobdX64NullTable;

static const MobdX64NullTable g_mobd_x64_null_tables[] = {
  { 216989u, mobd_x64_nulls_wait, 9 },
  { 706858u, mobd_x64_nulls_supspr, 1064 },
  { 4735848u, mobd_x64_nulls_sprites, 7512 },
  { 6479343u, mobd_x64_nulls_super, 1897 },
  { 1114994u, mobd_x64_nulls_surv_01, 450 },
  { 788642u, mobd_x64_nulls_surv_02, 486 },
  { 843150u, mobd_x64_nulls_mute_01, 491 },
  { 933539u, mobd_x64_nulls_mute_02, 1006 },
  { 1434786u, mobd_x64_nulls_mlti_01, 1432 },
};
static const size_t g_mobd_x64_null_table_count = 9;

